{"type":"FeatureCollection","features":[{"type":"Feature","properties":{"name":"A2 Highway","description":"","styleUrl":"#line-E65100-1581-nodesc","strokeColor":"#e65100","strokeOpacity":1.0,"strokeWeight":1.581,"folder":"Roads in Ethiopia"},"geometry":{"type":"LineString","coordinates":[[38.8049984,9.020302],[38.8733574,9.0231793],[38.8855685,9.0652977],[38.9884304,9.107407],[39.0263365,9.1592224],[39.1296373,9.1651921],[39.1744395,9.2244183],[39.2565928,9.2933348],[39.3401575,9.3852713],[39.3630796,9.4383725],[39.4134779,9.4833418],[39.4782529,9.5535009],[39.5183387,9.6778197],[39.5806387,9.705284],[39.6360755,9.6961891],[39.6593973,9.738702],[39.6614357,9.7670026],[39.6730673,9.7721726],[39.6661174,9.7791302],[39.6920492,9.8119938],[39.7303412,9.8177835],[39.7361383,9.8347913],[39.7323225,9.8463866],[39.7507847,9.8614586],[39.79442,9.8500279],[39.852534,9.9139057],[39.8548194,9.9478711],[39.8859473,9.9818357],[39.9376561,10.0344939],[39.978395,10.0966116],[39.9659196,10.143513],[39.9795369,10.193118],[40.0026573,10.2477225],[39.9811427,10.2700863],[39.9913851,10.3172773],[39.9775941,10.3401484],[39.9638017,10.3346463],[39.9537852,10.3517725],[39.9337518,10.3502229],[39.9408369,10.4665259],[39.9314422,10.4680309],[39.9522613,10.5181544],[39.9483631,10.5412727],[39.9144368,10.5829534],[39.9223948,10.5908857],[39.9248604,10.6325644],[39.8962579,10.6939927],[39.8639342,10.7196388],[39.8474016,10.7162717],[39.8294387,10.7452937],[39.8346178,10.7766679],[39.8356778,10.8087165],[39.8161368,10.8303101],[39.8041475,10.8363911],[39.8165616,10.8482204],[39.8083767,10.8971392],[39.7903351,10.9013342],[39.7789675,10.9535527],[39.7705725,10.9710548],[39.7690434,10.9865346],[39.7599615,10.991903],[39.7532817,11.0158077],[39.7526568,11.0379567],[39.7444773,11.0557264],[39.7438203,11.081121],[39.7383565,11.0862999],[39.7114266,11.0906907],[39.7059436,11.0906959],[39.6939376,11.0846364],[39.6894847,11.0886843],[39.6867482,11.0950904],[39.6655682,11.1036905],[39.6622409,11.0944343],[39.6592634,11.0984791],[39.6545692,11.0978073],[39.6541072,11.1015173],[39.6377337,11.0947868],[39.6422787,11.0988675],[39.6399573,11.1123814],[39.6330746,11.1172498],[39.6320114,11.1458523],[39.6487693,11.1437692],[39.6658065,11.1687367],[39.6823712,11.1580404],[39.6914745,11.2221999],[39.6835809,11.2481649],[39.673624,11.3300237],[39.67843,11.3449294],[39.6605718,11.3565644],[39.6509563,11.3724115],[39.6375604,11.3818901],[39.628797,11.40298],[39.6131657,11.4186846],[39.6122181,11.4325544],[39.6171072,11.4400304],[39.6227664,11.4896391],[39.620179,11.4916968],[39.6119267,11.4930816],[39.6117047,11.5009757],[39.6139717,11.5017207],[39.6098872,11.5066711],[39.6161378,11.503283],[39.6120888,11.5131837],[39.6047332,11.5172096],[39.6090508,11.519974],[39.6138834,11.5193742],[39.6119783,11.5234424],[39.6050948,11.5256602],[39.6086657,11.5390105],[39.6189843,11.5466207],[39.6188222,11.541007],[39.6257792,11.5463574],[39.6315347,11.5464937],[39.6428642,11.5546217],[39.653164,11.556077],[39.6699889,11.5734502],[39.6608918,11.5816583],[39.6596906,11.598611],[39.6748009,11.6045372],[39.6697821,11.6150674],[39.676093,11.6269429],[39.6729219,11.6328707],[39.675992,11.6488331],[39.6679039,11.6536989],[39.6585938,11.6580503],[39.6530185,11.683565],[39.6562389,11.6936323],[39.6505329,11.7016824],[39.6617807,11.7063521],[39.6429041,11.7411697],[39.6152665,11.7511826],[39.5786986,11.7746368],[39.5878398,11.7870765],[39.5986982,11.7874169],[39.6132072,11.8156555],[39.602743,11.8314696],[39.6473965,11.8520059],[39.6543323,11.8434067],[39.6860621,11.8766064],[39.6768677,11.9189052],[39.6649249,11.9229074],[39.6678178,11.9503964],[39.6230598,12.0193559],[39.6325415,12.0453339],[39.6200501,12.1022013],[39.6321454,12.1313354],[39.633256,12.1658399],[39.5992629,12.2970401],[39.5992629,12.3191786],[39.5484511,12.4338662],[39.5251052,12.4593455],[39.5202987,12.4814702],[39.5244185,12.5049338],[39.5134322,12.5123076],[39.5113723,12.5263843],[39.5223586,12.5645886],[39.5367782,12.5873744],[39.5319716,12.5974264],[39.519612,12.5994367],[39.5154922,12.6121685],[39.5278518,12.6215494],[39.5347182,12.6604095],[39.540898,12.6711285],[39.5292251,12.6724683],[39.5360915,12.6791674],[39.5443313,12.7032827],[39.5209853,12.7441395],[39.5292251,12.7561944],[39.5285384,12.7729363],[39.552571,12.7963731],[39.5443313,12.8318589],[39.5573775,12.8392233],[39.5628707,12.8358759],[39.5683639,12.8472569],[39.562184,12.8733643],[39.5209853,12.901477],[39.5141189,12.8947838],[39.4948928,12.9068314],[39.4868824,12.9203133],[39.4958088,12.927675],[39.5198414,12.9183055],[39.5253346,12.9330289],[39.5143483,12.9390519],[39.5431874,12.9932521],[39.501302,13.0494471],[39.4930622,13.0735269],[39.4958088,13.1390652],[39.5143483,13.1751708],[39.5122883,13.1825249],[39.5191548,13.1851991],[39.5198414,13.2072601],[39.5122883,13.2212978],[39.5198414,13.3161986],[39.5273945,13.3235485],[39.5335743,13.3663072],[39.5294545,13.3977033],[39.5507405,13.4177412],[39.5528004,13.4531374],[39.5589802,13.4604832],[39.5431874,13.4731707],[39.5596669,13.4985438],[39.5610401,13.5145675],[39.5521138,13.5192409],[39.5624134,13.5412714],[39.5644734,13.5606297],[39.5682499,13.5699746],[39.5637867,13.5763156],[39.5709965,13.5839912],[39.5696232,13.6073504],[39.5740864,13.6163597],[39.56722,13.6313746],[39.5699665,13.6373802],[39.5782063,13.6387148],[39.5683524,13.6565988],[39.5693824,13.6662735],[39.5659491,13.6706103],[39.5752189,13.6786165],[39.5813987,13.6816187],[39.5810553,13.6882903],[39.5879218,13.6989643],[39.5865485,13.7049682],[39.5858619,13.7259808],[39.604058,13.7913412],[39.6009681,13.7993433],[39.6050879,13.8190138],[39.603028,13.8293486],[39.6068045,13.8396828],[39.601998,13.8456831],[39.6078345,13.8493499],[39.601998,13.85935],[39.6050879,13.8643498],[39.6033713,13.8706828],[39.5982215,13.877349],[39.6023414,13.8933469],[39.5947883,13.9006789],[39.5954749,13.9316708],[39.5982215,13.9466653],[39.5975348,13.9696551],[39.591355,13.993642],[39.5961615,14.0229559],[39.5896384,14.0492686],[39.5755622,14.051933],[39.5762488,14.0579278],[39.5707557,14.0629234],[39.5731589,14.07025],[39.5649192,14.0952253],[39.5755622,14.1062136],[39.5772788,14.111874],[39.569039,14.131185],[39.5601127,14.1398411],[39.5625159,14.1458336],[39.5611426,14.1684705],[39.5635459,14.1737965],[39.5628592,14.177458],[39.5652625,14.1817852],[39.560456,14.1954321],[39.5532462,14.1987604],[39.5470664,14.1927693],[39.5460364,14.1990933],[39.548783,14.2024216],[39.5474097,14.2087452],[39.53917,14.2090781],[39.53814,14.2064155],[39.5254371,14.2094109],[39.4838836,14.2439991],[39.4763305,14.2652953],[39.4655158,14.2757762],[39.4485214,14.2774398],[39.4421699,14.2712845],[39.4236305,14.2734472],[39.4318702,14.2664599],[39.4239738,14.2584741],[39.4119575,14.2574758],[39.4153907,14.2474932],[39.4054344,14.2478259],[39.3995979,14.2425017],[39.3968513,14.2458294],[39.3975379,14.2508208],[39.3903282,14.2471604],[39.3906715,14.2378429],[39.3862083,14.2298561],[39.3659523,14.2225346],[39.3642356,14.2165441],[39.3505027,14.2225346],[39.352906,14.2405051],[39.3429496,14.2408378],[39.3395164,14.2578086],[39.3099906,14.2711181],[39.3000343,14.2701199],[39.2835548,14.2914136],[39.2842414,14.3020597],[39.2711952,14.3166972],[39.2605522,14.323683],[39.2536857,14.3230177],[39.2464759,14.3379865],[39.2413261,14.3386517],[39.2358329,14.3300032],[39.2286231,14.3270094],[39.2203834,14.3130379],[39.2128303,14.3186932],[39.2080238,14.3183605],[39.200814,14.3250136],[39.1870811,14.3166972],[39.1822746,14.3183605],[39.1730049,14.3100439],[39.1757514,14.3047211],[39.1506889,14.2787707],[39.1386726,14.2747781],[39.1311195,14.2741126],[39.1208198,14.2777726],[39.1142967,14.276109],[39.1139533,14.2717836],[39.1046836,14.2751108],[39.0957572,14.2671253],[39.0765312,14.2737799],[39.0617683,14.2697872],[39.0573051,14.276109],[39.0518119,14.2754435],[39.0421989,14.2604706],[39.0370491,14.2598051],[39.0260627,14.2528173],[39.0198829,14.2395067],[39.0137031,14.2368445],[39.0109565,14.2295233],[39.0023735,14.2355134],[38.9872673,14.2258626],[38.9762809,14.2275265],[38.9539649,14.2178754],[38.9580848,14.2022329],[38.9374855,14.1879208],[38.9337089,14.1915821],[38.9275291,14.1905836],[38.9244392,14.193912],[38.919976,14.191915],[38.9155128,14.1782679],[38.9112426,14.1769803],[38.9053202,14.1674102],[38.8954497,14.1638317],[38.8909007,14.1656626],[38.8878108,14.1708222],[38.8890982,14.1758985],[38.8886691,14.1788943],[38.8864375,14.1806418],[38.8864375,14.1829718],[38.8830043,14.1880478]]}},{"type":"Feature","properties":{"name":"B11 Highway","description":"","styleUrl":"#line-E65100-1969-nodesc","strokeColor":"#e65100","strokeOpacity":1.0,"strokeWeight":1.969,"folder":"Roads in Ethiopia"},"geometry":{"type":"LineString","coordinates":[[39.7422953,11.0837831],[39.7428102,11.0862257],[39.7440119,11.0874891],[39.7433252,11.0909425],[39.7461576,11.0911952],[39.749505,11.0895949],[39.7553415,11.0908583],[39.7570581,11.0902687],[39.7592897,11.0911952],[39.7637529,11.0908583],[39.7671862,11.0922059],[39.772851,11.0899318],[39.7749967,11.0906056],[39.7786016,11.0903529],[39.7872705,11.0922059],[39.7876139,11.093722],[39.7912187,11.09448],[39.7919054,11.0960803],[39.7931929,11.0961646],[39.7940512,11.0986913],[39.795167,11.0965857],[39.8003168,11.0982702],[39.8022051,11.0972595],[39.8073549,11.0992809],[39.8079557,11.1014708],[39.8114748,11.1019761],[39.8136206,11.0994494],[39.8145647,11.0995757],[39.8145647,11.1010918],[39.8162813,11.1016813],[39.8186846,11.1015971],[39.8185987,11.1027762],[39.8192854,11.1032816],[39.8191996,11.1050503],[39.8202295,11.1049661],[39.821517,11.1058083],[39.8221178,11.1047976],[39.8227186,11.108335],[39.8238344,11.1079981],[39.8248644,11.1082508],[39.8252077,11.1096825],[39.8269243,11.1095141],[39.8305292,11.1140621],[39.8341341,11.1145674],[39.8348207,11.1154938],[39.8446054,11.1160834],[39.8485536,11.1151569],[39.8521585,11.1166729],[39.8563642,11.1225683],[39.859025,11.1231578],[39.8596258,11.1246737],[39.8623724,11.1250106],[39.8626299,11.129053],[39.8660631,11.1335165],[39.8694963,11.1330112],[39.8727579,11.1336849],[39.8745603,11.1326743],[39.8849459,11.1311584],[39.8859758,11.1331796],[39.88589,11.1355376],[39.8908682,11.1379798],[39.8945589,11.1450537],[39.8976488,11.1466538],[39.8989363,11.148338],[39.9021978,11.1474117],[39.9086351,11.1539801],[39.9091501,11.15558],[39.9106951,11.1559169],[39.9130125,11.1544011],[39.9146433,11.1544011],[39.9150724,11.1570116],[39.9171324,11.1566748],[39.9182482,11.1580221],[39.9221964,11.156759],[39.9232263,11.1572642],[39.9269171,11.1568432],[39.9276895,11.1577695],[39.9323244,11.1578537],[39.9325819,11.1589484],[39.934041,11.1589484],[39.9354143,11.1602957],[39.934041,11.1635798],[39.9377317,11.1678743],[39.94065,11.16939],[39.9421091,11.1693058],[39.9430532,11.1704004],[39.9451132,11.1710741],[39.9464865,11.1732634],[39.9476023,11.1718319],[39.9488039,11.1723371],[39.9499197,11.1708215],[39.9514646,11.1711583],[39.9519796,11.173095],[39.9530096,11.1725898],[39.9551554,11.173516],[39.9560137,11.1720845],[39.9577303,11.1741896],[39.9660559,11.177642],[39.9712057,11.1783998],[39.9731798,11.1771367],[39.9736948,11.1785682],[39.9803896,11.1762947],[39.9811621,11.1819363],[39.9822779,11.1830309],[39.9815912,11.1850517],[39.982707,11.1853043],[39.9862261,11.1835361],[39.9912042,11.1845465],[39.9930067,11.1879145],[40.0028772,11.1911982],[40.004508,11.1895143],[40.0075121,11.1901037],[40.009057,11.1942294],[40.011632,11.1926296],[40.0144644,11.1935558],[40.0193567,11.1906089],[40.0215025,11.1907773],[40.0221462,11.1922507],[40.0257082,11.1945241],[40.0243778,11.195324],[40.0259657,11.1954081],[40.0265236,11.1950293],[40.0275965,11.1951556],[40.0284977,11.1939768],[40.0298281,11.1950714],[40.0300426,11.1938505],[40.0306005,11.1947767],[40.0310297,11.1936821],[40.0321455,11.1939347],[40.0321026,11.1948188],[40.0304289,11.196208],[40.0302572,11.1973868],[40.0290127,11.1977236],[40.0284977,11.1973447],[40.0281544,11.1985655],[40.0268669,11.1984392],[40.0264377,11.2005862],[40.0274248,11.2010493],[40.0284548,11.2004179],[40.028841,11.200923],[40.0302143,11.2002916],[40.0310726,11.2005862],[40.0305576,11.2021018],[40.0321026,11.2016808],[40.0326605,11.2034489],[40.0323601,11.2048802],[40.0330038,11.2049644],[40.0337334,11.2037015],[40.0352354,11.2033647],[40.0362224,11.2039541],[40.0356645,11.2057642],[40.0363512,11.2060168],[40.0366516,11.206943],[40.0393553,11.2061221],[40.039763,11.204775],[40.0402994,11.2059958],[40.0415439,11.2066272],[40.0455136,11.2060589],[40.0459213,11.2067746],[40.0479598,11.2063115],[40.0484533,11.2081006],[40.0497837,11.2083111],[40.0502558,11.2093214],[40.0510712,11.2084795],[40.052187,11.2097845],[40.0530023,11.2097003],[40.0532598,11.208269],[40.0552769,11.2089005],[40.0567789,11.2084374],[40.0573368,11.2088584],[40.0586243,11.2090268],[40.0598688,11.2105001],[40.061285,11.2100371],[40.0616283,11.2108369],[40.0636883,11.2116788],[40.0657911,11.2141204],[40.0658769,11.2148781],[40.0678081,11.2158884],[40.0696964,11.2138678],[40.0715847,11.2141204],[40.0736446,11.2166041],[40.0763912,11.217025],[40.0769491,11.2182879],[40.0804682,11.2195507],[40.081069,11.2208136],[40.0804682,11.2219081],[40.0810261,11.2222448],[40.0839014,11.2207715],[40.0849743,11.2221606],[40.0847168,11.223213],[40.0853176,11.2235077],[40.0865192,11.2235077],[40.088665,11.2221185],[40.0900383,11.2231288],[40.0907249,11.2248126],[40.0921841,11.2254861],[40.093214,11.224981],[40.0938578,11.2240128],[40.0945873,11.2254861],[40.0958319,11.2261175],[40.0989218,11.2240128],[40.0996942,11.2239286],[40.1010675,11.223213],[40.1075907,11.2214871],[40.107934,11.2208136],[40.1140709,11.2195507],[40.1163883,11.2202243],[40.1175041,11.2188772],[40.1247139,11.2199717],[40.1306362,11.2226658],[40.1372452,11.2235077],[40.1397343,11.2262859],[40.1626511,11.2336102],[40.1667709,11.2331893],[40.1715774,11.2356307],[40.1760406,11.2406818],[40.1914902,11.2443016],[40.1949234,11.2468271],[40.2029056,11.2458169],[40.2104587,11.2507837],[40.217926,11.2527198],[40.2225609,11.2528882],[40.2265949,11.2507837],[40.2382679,11.2519622],[40.2465935,11.2544034],[40.2512283,11.2586124],[40.2548332,11.2534775],[40.2563782,11.248174],[40.2634163,11.2442175],[40.2738018,11.2461537],[40.2762051,11.248174],[40.2768917,11.2507837],[40.2803249,11.2523831],[40.280797,11.2496893],[40.2837582,11.2479215],[40.2835007,11.2469534],[40.2886076,11.2453539],[40.2927275,11.2510783],[40.295474,11.2514992],[40.3016109,11.2549085],[40.3038717,11.2533246],[40.3210378,11.2574494],[40.3307367,11.2542506],[40.3407788,11.2581229],[40.3441262,11.2618267],[40.3475595,11.2571127],[40.3537393,11.2563551],[40.3570008,11.2540822],[40.3588033,11.2545873],[40.3656697,11.2545873],[40.3709054,11.2570285],[40.3758836,11.2581229],[40.4123616,11.2794194],[40.412705,11.2805978],[40.4150224,11.2811028],[40.4170823,11.2824496],[40.4327893,11.2789985],[40.4383683,11.279251],[40.4416299,11.2780726],[40.4568219,11.278746],[40.4579377,11.2810187],[40.4610276,11.2811028],[40.6191278,11.3326117],[40.6416154,11.335978],[40.7040143,11.3549125],[40.7122541,11.3514623],[40.7181764,11.3538817]]}},{"type":"Feature","properties":{"name":"B20 Highway","description":"","styleUrl":"#line-E65100-1775-nodesc","strokeColor":"#e65100","strokeOpacity":1.0,"strokeWeight":1.775,"folder":"Roads in Ethiopia"},"geometry":{"type":"LineString","coordinates":[[39.4614428,14.2761371],[39.4607991,14.2800049],[39.4617433,14.2847876],[39.4606275,14.2873661],[39.4605416,14.2961826],[39.4517869,14.3103215],[39.4474954,14.3208004],[39.4425172,14.3329419],[39.4392556,14.3367672],[39.4377107,14.3420892],[39.4315309,14.3480764],[39.4267243,14.3497394],[39.4275826,14.3515688],[39.4308442,14.3515688],[39.4317025,14.3547285],[39.4236328,14.3585965],[39.4224741,14.3606752],[39.4201996,14.3591785],[39.4124748,14.3632528],[39.4111015,14.3662461],[39.4078399,14.3655809],[39.4033767,14.3675765],[39.4006302,14.3813783],[39.3990852,14.3825423],[39.4018318,14.3905236],[39.3965103,14.3945142],[39.3929054,14.3951793],[39.3769409,14.4024952],[39.3712761,14.4083144],[39.3695595,14.4098108],[39.3687012,14.4191212],[39.3662979,14.4300937],[39.3618347,14.4382396],[39.3594314,14.4462189],[39.3609764,14.4568577],[39.3608047,14.4630079],[39.374366,14.4758066],[39.3761684,14.4749755],[39.3770267,14.4746431],[39.3753959,14.4769701],[39.3759109,14.4781335],[39.3767692,14.4770532],[39.3776275,14.4787153],[39.379945,14.4802943],[39.3784,14.4834522],[39.3798591,14.4848649],[39.3886139,14.4815408],[39.3906738,14.4827874],[39.3917038,14.4891862],[39.3912746,14.4915961],[39.3950512,14.4987426],[39.3928196,14.504227],[39.3883564,14.5115392],[39.3831207,14.5146136],[39.3814899,14.5160262],[39.3871547,14.5305666],[39.3878414,14.5372964]]}},{"type":"Feature","properties":{"name":"B22 Highway","description":"","styleUrl":"#line-E65100-1775-nodesc","strokeColor":"#e65100","strokeOpacity":1.0,"strokeWeight":1.775,"folder":"Roads in Ethiopia"},"geometry":{"type":"LineString","coordinates":[[37.7134058,11.951453],[37.7237055,11.9551477],[37.8006098,11.9316353],[37.8294489,11.9339866],[37.8809473,11.9188706],[37.8843805,11.9101365],[37.8957102,11.9178628],[37.9118463,11.9178628],[37.9176828,11.921558],[37.9214594,11.9188706],[37.9393122,11.9202143],[37.9465219,11.9265967],[37.9475519,11.9205502],[37.9516718,11.9202143],[37.9520151,11.9131599],[37.9599115,11.907785],[37.9619715,11.9032498],[37.9660913,11.9049295],[37.9695246,11.8988826],[37.9669496,11.8933394],[37.9696962,11.8923315],[37.9770777,11.8956911],[37.9803392,11.8913237],[37.9839441,11.8930035],[37.9841158,11.8911557],[37.9791376,11.8877961],[37.9811975,11.8872922],[37.9908106,11.8734335],[37.9956171,11.86201],[38.0176756,11.8512581],[38.0224821,11.8552901],[38.0298635,11.8507541],[38.0355284,11.8512581],[38.0583593,11.8445379],[38.069689,11.8389936],[38.0724356,11.8346254],[38.079302,11.8312651],[38.0834219,11.8321052],[38.0868551,11.8312651],[38.09046,11.8386576],[38.0925199,11.8373135],[38.0950949,11.8268967],[38.0985281,11.8237043],[38.102648,11.8235363],[38.1134626,11.8163114],[38.1390402,11.7936272],[38.1439325,11.7954757],[38.1465074,11.8010208],[38.1504556,11.8043814],[38.1533739,11.8043814],[38.1690809,11.7995925],[38.175604,11.8030372],[38.1780931,11.8070699],[38.1812689,11.8086662],[38.1828997,11.8066499],[38.1839296,11.8061458],[38.1860754,11.8064818],[38.1899378,11.8047175],[38.1925985,11.8016929],[38.1961176,11.802281],[38.1978342,11.8071539],[38.2012674,11.8104305],[38.2043573,11.8103465],[38.2066748,11.8046335],[38.208563,11.8037933],[38.2109663,11.8069019],[38.2175752,11.807322],[38.2232401,11.8096744],[38.2269308,11.8095904],[38.2339689,11.8047175],[38.2395479,11.7912747],[38.2416078,11.7899304],[38.2421228,11.7860654],[38.2479593,11.7852252],[38.2491609,11.7822004],[38.2513925,11.7817803],[38.2543966,11.7853933],[38.2623789,11.7872417],[38.2654688,11.7900144],[38.2730219,11.7874938],[38.2728502,11.7816123],[38.2692453,11.7752265],[38.2715628,11.7698489],[38.2750818,11.7698489],[38.2771417,11.7676642],[38.2778284,11.7641351],[38.2773134,11.7599336],[38.2722494,11.752539],[38.2742235,11.7480853],[38.2807466,11.7432113],[38.2876131,11.7428752],[38.2945654,11.7394298],[38.2974836,11.7416147],[38.3011743,11.7422029],[38.305895,11.7464046],[38.30744,11.7461525],[38.3088133,11.7452281],[38.3111307,11.7450601],[38.3131906,11.7483374],[38.3158514,11.7489256],[38.3213446,11.752539],[38.3246061,11.7524549],[38.3268377,11.7479172],[38.3294126,11.7466567],[38.3331892,11.7459844],[38.3346483,11.7407743],[38.3370516,11.7395978],[38.3389398,11.7360683],[38.3468363,11.7289251],[38.3551618,11.7269082],[38.3615991,11.7218658],[38.3658048,11.7252274],[38.3700964,11.7255636],[38.3755037,11.7315303],[38.3818552,11.7477491],[38.3924982,11.7542196],[38.4106943,11.7588413],[38.4173033,11.7548078],[38.4163591,11.7507743],[38.4187624,11.7380012],[38.4245989,11.7340514],[38.4268305,11.7299336],[38.4305212,11.7304378],[38.431637,11.7316144],[38.4330103,11.7316144],[38.4380743,11.7274124],[38.4387609,11.7230424],[38.4413359,11.7195967],[38.4501764,11.7160669],[38.4591028,11.7189244],[38.4654543,11.7253955],[38.4706041,11.7359843],[38.4732649,11.7397659],[38.4734365,11.7437155],[38.4723207,11.7493458],[38.474724,11.7518667],[38.4745523,11.7548918],[38.4730074,11.7562363],[38.475754,11.7621184],[38.4770414,11.7622024],[38.4778139,11.760942],[38.4789297,11.7607739],[38.4797022,11.7585892],[38.4850237,11.7570766],[38.4884569,11.7545557],[38.4931776,11.7540515],[38.4980699,11.7557321],[38.5039064,11.7548918],[38.5069963,11.7556481],[38.5070822,11.7572447],[38.5099146,11.7587572],[38.5093996,11.7601017],[38.5111162,11.7618663],[38.5169527,11.7618663],[38.5212442,11.7692607],[38.5212442,11.7749744],[38.5242483,11.7752265],[38.5373804,11.7900984],[38.5384962,11.7927871],[38.5439035,11.7944674],[38.5459635,11.7936272],[38.5461351,11.7958117],[38.5489675,11.7963158],[38.5517999,11.8000126],[38.5586664,11.8030372],[38.562443,11.8016089],[38.5656187,11.8017769],[38.5687944,11.8048015],[38.5728285,11.8095904],[38.5763475,11.8091703],[38.576605,11.8080781],[38.5780641,11.807658],[38.5782358,11.8027011],[38.5799524,11.8027011],[38.581669,11.8035413],[38.5797808,11.8042134],[38.5803816,11.8057257],[38.5789224,11.8105145],[38.5727426,11.813707],[38.57712,11.813791],[38.5823557,11.8120267],[38.5910246,11.8153873],[38.610079,11.8180756],[38.6192629,11.8167314],[38.631365,11.8222762],[38.6395189,11.8228642],[38.6517069,11.8158913],[38.7070677,11.8181596],[38.7189981,11.8079101],[38.7232897,11.7999286],[38.7232897,11.7856453],[38.7278387,11.7797638],[38.7349626,11.7737981],[38.7373659,11.7662357],[38.745949,11.7680843],[38.7523004,11.7591774],[38.754532,11.7349759],[38.7692949,11.716151],[38.766205,11.7057295],[38.7802812,11.6852216],[38.8055155,11.6798423],[38.8290331,11.667234],[38.8451692,11.6633673],[38.8891146,11.6779931],[38.9079973,11.6788336],[38.9564058,11.7129574],[38.9806101,11.7280848],[38.9986345,11.7327909],[39.0231821,11.7660677],[39.0341684,11.7803519],[39.047043,11.7830407],[39.0599176,11.7916108],[39.0801737,11.7879139],[39.1181108,11.820848],[39.133217,11.8290809],[39.1500398,11.8431939],[39.1797373,11.847562],[39.1998216,11.861002],[39.2266008,11.8705777],[39.2482302,11.8699057],[39.2677996,11.8759533],[39.2918321,11.8722576],[39.3117449,11.8776332],[39.3392107,11.8974548],[39.3388674,11.9028299],[39.3481371,11.9058534],[39.3574068,11.9219779],[39.3886492,11.9421321],[39.3996355,11.9461628],[39.3991205,11.9501934],[39.403412,11.9490178],[39.404957,11.9533843],[39.4080469,11.9518728],[39.4090769,11.9540561],[39.4112226,11.9545599],[39.4104502,11.9577507],[39.4155142,11.9555675],[39.4192907,11.959598],[39.421694,11.964636],[39.4187757,11.9706815],[39.421694,11.9703456],[39.4285604,11.9809249],[39.4290754,11.9745438],[39.4235823,11.9684984],[39.4235823,11.9606056],[39.4247839,11.9567431],[39.4258139,11.962117],[39.4268438,11.9579186],[39.4280454,11.9606056],[39.4292471,11.9565751],[39.432337,11.9528805],[39.4290754,11.9433078],[39.4254705,11.9429719],[39.4273588,11.9344065],[39.430792,11.9387732],[39.4306204,11.9288641],[39.4369718,11.9117322],[39.4397184,11.9117322],[39.4450399,11.9001424],[39.4512197,11.8942633],[39.4598028,11.8956071],[39.4797155,11.8956071],[39.4980833,11.8915756],[39.4991133,11.888888],[39.5203993,11.8867043],[39.5368788,11.8714176],[39.5399687,11.8715856],[39.5440885,11.863354],[39.5459768,11.848738],[39.5593664,11.8386576],[39.5585081,11.8369775],[39.5607397,11.8334493],[39.5550749,11.8257206],[39.5540449,11.8225282],[39.5557615,11.8201759],[39.5619413,11.8216881],[39.5686361,11.8279048],[39.5803091,11.8251325],[39.5889351,11.8253425],[39.5914242,11.8246284],[39.6022817,11.8317691]]}},{"type":"Feature","properties":{"name":"B30 Highway","description":"","styleUrl":"#line-E65100-1775-nodesc","strokeColor":"#e65100","strokeOpacity":1.0,"strokeWeight":1.775,"folder":"Roads in Ethiopia"},"geometry":{"type":"LineString","coordinates":[[37.4705743,12.6174567],[37.4717297,12.6264975],[37.4687651,12.6311829],[37.4735484,12.6313481],[37.4735254,12.6415635],[37.4789725,12.643234],[37.4852782,12.6504319],[37.4853413,12.6562082],[37.4898676,12.6603096],[37.4933641,12.6603075],[37.4961741,12.6659998],[37.5005291,12.6638203],[37.5047125,12.6745368],[37.5024568,12.6761237],[37.5056942,12.6790504],[37.4980927,12.6835639],[37.4978723,12.7096803],[37.4894115,12.7247445],[37.5094004,12.7234759],[37.516801,12.7308606],[37.5149322,12.741929],[37.5376318,12.753684],[37.5453113,12.7507883],[37.5503526,12.7572093],[37.559514,12.754924],[37.5728587,12.7629099],[37.5841444,12.7718997],[37.591522,12.7633286],[37.6079971,12.7639646],[37.6176933,12.7673789],[37.6279489,12.767663],[37.6354801,12.7753384],[37.6498784,12.7810044],[37.6874736,12.7908396],[37.7030989,12.8099854],[37.7111732,12.8371653],[37.7352201,12.8523571],[37.7400367,12.8760204],[37.7338669,12.8943287],[37.7448639,12.908958],[37.7459002,12.9417043],[37.754491,12.9751197],[37.7737276,12.9895785],[37.8025846,13.04953],[37.8191019,13.0476743],[37.8384139,13.0907888],[37.8564071,13.1066792],[37.8722355,13.1165867],[37.8794812,13.1181345],[37.8901972,13.1285857],[37.8942435,13.1386674],[37.893134,13.1451709],[37.8982045,13.1528445],[37.8984685,13.1624404],[37.9009642,13.1685261],[37.8958659,13.1740848],[37.8954874,13.1830683],[37.8906453,13.1943918],[37.8857254,13.1884165],[37.8868343,13.1968252],[37.8827933,13.1900249],[37.8847536,13.1943075],[37.8869179,13.1990274],[37.8871265,13.2062946],[37.8894322,13.207459],[37.8863704,13.2085523],[37.8863345,13.2113325],[37.889131,13.2100181],[37.8843385,13.2165811],[37.8834074,13.2252435],[37.8864246,13.2275559],[37.8921886,13.2395604],[37.8870915,13.2494788],[37.8901701,13.2587319],[37.8829545,13.2568424],[37.8802021,13.2602995],[37.8803677,13.2717764],[37.8764132,13.28058],[37.8746904,13.2771664],[37.8688477,13.2785977],[37.861282,13.2827967],[37.8561065,13.2925309],[37.8566585,13.3059002],[37.8527472,13.3129214],[37.853508,13.3214507],[37.859762,13.3216277],[37.8638586,13.324236],[37.8658953,13.3276795],[37.8664499,13.3303904],[37.8696784,13.332822],[37.8720487,13.3369239],[37.8791928,13.3424551],[37.884251,13.3393577],[37.8910945,13.3387922],[37.8926165,13.3362222],[37.8943102,13.3363246],[37.8990938,13.3412709],[37.8992529,13.3395028],[37.9018152,13.3412422],[37.9045921,13.3411862],[37.9053091,13.3429674],[37.9062836,13.3409904],[37.9072,13.3419228],[37.9096613,13.3413519],[37.9121254,13.3445801],[37.9185377,13.3448019],[37.9226078,13.3520933],[37.9250682,13.3546664],[37.9231513,13.3510598],[37.9251396,13.3531736],[37.9254114,13.35178],[37.9277001,13.3566444],[37.9248389,13.3601726],[37.92976,13.3593791],[37.9377137,13.3637422],[37.9411757,13.3633349],[37.9413618,13.3673066],[37.9458394,13.3666019],[37.9484864,13.3648894],[37.9507902,13.3708595],[37.9555041,13.3700451],[37.9576894,13.3719759],[37.9599095,13.3718115],[37.9622153,13.3730666],[37.9634796,13.3724037],[37.9619709,13.3740106],[37.9634606,13.3746211],[37.9649502,13.3730606],[37.9689595,13.3756176],[37.9689037,13.3792897],[37.9703929,13.3809579],[37.9763453,13.3827095],[37.9786928,13.381121],[37.9785814,13.3831211],[37.9832854,13.3787634],[37.9825732,13.3827884],[37.9852942,13.3806343],[37.9868994,13.3834902],[37.9859297,13.3850101],[37.9901703,13.3877995],[37.993896,13.3932607],[37.9994953,13.3941166],[37.9973044,13.4000033],[38.0017024,13.4022369],[38.0054137,13.4002958],[38.0138668,13.4112752],[38.0211623,13.4121675],[38.0215913,13.4135608],[38.0223637,13.4118649],[38.0224494,13.4100021],[38.024595,13.412705],[38.0251957,13.415408],[38.0275128,13.4185597],[38.0272981,13.4156271],[38.0291433,13.4143643],[38.0287355,13.416848],[38.0295293,13.4187473],[38.0345502,13.4190394],[38.0361005,13.4208761],[38.0369642,13.4185384],[38.0373183,13.4215439],[38.0351081,13.4230466],[38.0423393,13.4234222],[38.0451075,13.4276381],[38.0448504,13.4327304],[38.0526184,13.433273],[38.0590132,13.4364868],[38.0578984,13.4402433],[38.0618041,13.4503024],[38.0602168,13.4516798],[38.0646376,13.455645],[38.0690585,13.4552694],[38.0731573,13.4581701],[38.068673,13.4600692],[38.0720852,13.4628029],[38.0761841,13.4628655],[38.081166,13.473383],[38.079621,13.4763878],[38.0842559,13.478391],[38.080651,13.481062],[38.0830542,13.4837328],[38.0858008,13.4815627],[38.0864875,13.4854021],[38.0936972,13.4915784],[38.1012503,13.4885738],[38.1017653,13.4900761],[38.1026236,13.4862368],[38.1055419,13.488073],[38.1064002,13.4930807],[38.1091468,13.4899092],[38.1129233,13.49258],[38.11361,13.4907438],[38.1245963,13.4935815],[38.1209914,13.4950838],[38.1252829,13.4982553],[38.123223,13.5042643],[38.1239096,13.5082703],[38.1218497,13.5141121],[38.1187598,13.5156143],[38.1179015,13.5186186],[38.1187598,13.5206215],[38.1161849,13.5249609],[38.122708,13.5351417],[38.1196181,13.540816],[38.1203048,13.5441538],[38.1225364,13.5464902],[38.1244246,13.5426518],[38.1251113,13.5476584],[38.1300895,13.5521642],[38.1311194,13.5611757],[38.133866,13.5645131],[38.1410758,13.5775289],[38.1462256,13.5985528],[38.1438224,13.6113999],[38.1494872,13.6247467],[38.1491439,13.6292511],[38.1570403,13.6347563],[38.1577269,13.6385932],[38.1554953,13.6429305],[38.1573836,13.6516049],[38.1568686,13.6631146],[38.1587569,13.6666175],[38.1591002,13.6741234],[38.1623618,13.6751242],[38.1632201,13.6769589],[38.16631,13.6777929],[38.1750647,13.6954723],[38.1757514,13.7049786],[38.1736914,13.7129836],[38.1772963,13.7158187],[38.1736914,13.7178199],[38.1800429,13.7204881],[38.1803862,13.7224892],[38.1855361,13.7276588],[38.1874244,13.7253242],[38.187081,13.7289928],[38.1793563,13.7276588],[38.1836478,13.7311607],[38.188626,13.7303269],[38.187596,13.732995],[38.1975524,13.7361633],[38.1996123,13.7386645],[38.2028739,13.7374973],[38.2051055,13.7384978],[38.2071654,13.7438337],[38.2052771,13.7473354],[38.2130012,13.7513459],[38.2102546,13.7566815],[38.219181,13.7606832],[38.207508,13.7846917],[38.2109413,13.8273674],[38.1786689,13.8633689],[38.1772956,13.9040306],[38.1965217,13.9879977],[38.2219276,14.0279712],[38.228794,14.069936],[38.2363471,14.0825905],[38.2576332,14.0825905],[38.2837257,14.1025699],[38.3214912,14.1185521],[38.327671,14.0979082],[38.3187446,14.0952443],[38.3400306,14.0739322],[38.3729896,14.0825905],[38.393589,14.0712681],[38.4292945,14.0812585],[38.4423408,14.1025699],[38.4656867,14.1052337],[38.46912,14.1158885],[38.4993324,14.1145567],[38.5178718,14.1212157],[38.5535774,14.1218816],[38.5673103,14.1172203],[38.5748634,14.1252111],[38.6071357,14.111893],[38.620182,14.1238793],[38.6696205,14.1045677],[38.6998329,14.1232134],[38.7293586,14.1132248],[38.7444648,14.1138908],[38.7540779,14.1245452],[38.8248023,14.1538423],[38.8323554,14.1518449],[38.8378486,14.1585029],[38.8460884,14.1511791],[38.868061,14.1585029],[38.8830043,14.1880478]]}},{"type":"Feature","properties":{"name":"C23-1 Road","description":"","styleUrl":"#line-E65100-1578-nodesc","strokeColor":"#e65100","strokeOpacity":1.0,"strokeWeight":1.578,"folder":"Roads in Ethiopia"},"geometry":{"type":"LineString","coordinates":[[39.0004433,13.6240237],[38.9740872,13.6361127],[38.9629292,13.6564642],[38.9653325,13.6644709],[38.9776921,13.6741452],[38.978722,13.687155],[38.978722,13.6991633],[38.9876484,13.7151734],[38.9842152,13.7221775],[38.9869618,13.7278474],[38.991425,13.7268468],[39.001038,13.732183],[38.9849019,13.7498583],[38.9890217,13.7565279],[38.9849019,13.7591957],[38.9876484,13.7651981],[38.9838719,13.7675323],[38.9852452,13.7748683],[38.991425,13.7775359],[38.991425,13.7882059],[38.9976048,13.7902064],[39.0013813,13.7948743],[38.9969182,13.7988754],[38.9965748,13.8145453],[38.9921116,13.8125449],[38.991425,13.8182126],[38.9849019,13.8188793],[38.9982914,13.8232133],[39.0003514,13.8275472],[38.9993214,13.8432152],[39.003098,13.8455487],[39.003098,13.8492154],[39.0096211,13.8478821],[39.011681,13.8542155],[39.0144276,13.8585488],[39.0226674,13.8602155],[39.0274739,13.8805475],[39.0219807,13.8865467],[39.0151143,13.8885465],[39.0085911,13.893879],[39.0044713,13.9068764],[38.9965748,13.9068764],[39.0003514,13.910209],[39.0006947,13.9148745],[38.9976048,13.9152078],[38.9962315,13.9192067],[39.0000081,13.9255382],[38.9934849,13.9421992],[38.970139,13.9585258],[38.9821553,14.0035014],[38.9790654,14.0055001],[38.9794087,14.017492],[38.9742589,14.017492],[38.9687657,14.0268186],[38.9721989,14.0308156],[38.9770054,14.0611238],[38.9732289,14.0647872],[38.9711689,14.0814381],[38.9752888,14.0907621],[38.9653325,14.1010846],[38.9673924,14.1060792],[38.9601826,14.1203965],[38.9577794,14.1183988],[38.9612126,14.129386],[38.959496,14.1353787],[38.9553761,14.1353787],[38.9515996,14.1407055],[38.9481663,14.1390409],[38.9447331,14.1480296],[38.9502263,14.1506929],[38.9409565,14.1513587],[38.9364933,14.1593482],[38.9351201,14.1653402],[38.9310002,14.1673375],[38.9246487,14.16301],[38.9219021,14.1638422],[38.9208722,14.1581831],[38.9224171,14.1561857],[38.9194989,14.1566851],[38.9104008,14.1476967],[38.9045643,14.1526903],[38.9078259,14.161512],[38.9054226,14.1641751],[38.8995862,14.1621778],[38.8966679,14.1628436],[38.8951659,14.160014]]}},{"type":"Feature","properties":{"name":"C23-2 Road","description":"","styleUrl":"#line-E65100-1578-nodesc","strokeColor":"#e65100","strokeOpacity":1.0,"strokeWeight":1.578,"folder":"Roads in Ethiopia"},"geometry":{"type":"LineString","coordinates":[[39.5431874,13.4731707],[39.476632,13.4721587],[39.4731987,13.4835102],[39.5164574,13.5516078],[39.4471062,13.5709654],[39.4127739,13.5976629],[39.3983544,13.5936584],[39.3866814,13.603002],[39.3791283,13.6003324],[39.3592156,13.608341],[39.3276299,13.6443762],[39.3063439,13.6483798],[39.2987908,13.6637261],[39.2672051,13.681073],[39.2314995,13.666395],[39.2218865,13.6597228],[39.1717614,13.654385],[39.1758812,13.6430416],[39.1525353,13.6263593],[39.1456688,13.6136799],[39.1353692,13.6190187],[39.120263,13.6103431],[39.1175164,13.5716329],[39.1003502,13.5783075],[39.0866173,13.567628],[39.0941704,13.563623],[39.0667046,13.5442649],[39.0584649,13.5449325],[39.0433587,13.534919],[39.0316857,13.556948],[39.0251626,13.5586168],[39.0244759,13.5743027],[39.0131463,13.5773063],[39.0025033,13.5883191],[38.9966668,13.6103431],[39.0021599,13.6130125],[39.0004433,13.6240237]]}},{"type":"Feature","properties":{"name":"C34 Road","description":"","styleUrl":"#line-E65100-1775-nodesc","strokeColor":"#e65100","strokeOpacity":1.0,"strokeWeight":1.775,"folder":"Roads in Ethiopia"},"geometry":{"type":"LineString","coordinates":[[36.1520058,12.9581187],[36.2203209,12.8961718],[36.270446,12.8704015],[36.3047783,12.8278913],[36.4060585,12.7893917],[36.4036552,12.7813562],[36.4328376,12.7502165],[36.4324943,12.744189],[36.4400474,12.7401705],[36.443824,12.7468679],[36.4554969,12.7411752],[36.4657966,12.7251009],[36.5402977,12.660124],[36.5392677,12.6557692],[36.5526573,12.6413646],[36.5722267,12.6383496],[36.5760032,12.6413646],[36.5897361,12.6410296],[36.6007225,12.6333245],[36.6271583,12.6259542],[36.6535942,12.6293043],[36.6855232,12.6182486],[36.7047493,12.6212638],[36.7253486,12.6145632],[36.7325584,12.6068573],[36.7370216,12.5897694],[36.7517845,12.5763663],[36.7699806,12.5780417],[36.7847435,12.5894343],[36.7905799,12.5850784],[36.833152,12.5810575],[36.8468849,12.5847433],[36.8595878,12.5746909],[36.865081,12.5753611],[36.876754,12.5716751],[36.8770973,12.5659785],[36.8819038,12.5696645],[36.8880836,12.5638003],[36.8896286,12.567654],[36.8976966,12.5606168],[36.8982116,12.5576009],[36.9021598,12.5570982],[36.9050781,12.5597791],[36.9054214,12.5535795],[36.9083397,12.5529093],[36.9143478,12.5482176],[36.9153778,12.550731],[36.917781,12.5485527],[36.917781,12.5510661],[36.9206993,12.5498932],[36.9210426,12.5535795],[36.9243042,12.5544173],[36.9236175,12.5503959],[36.9272224,12.5514013],[36.9260208,12.5452015],[36.929454,12.5448664],[36.9292823,12.54118],[36.9430153,12.5430232],[36.9540016,12.5341421],[36.9546882,12.5376611],[36.961898,12.5368232],[36.960868,12.5272716],[36.9696228,12.5240877],[36.9756309,12.5170494],[36.9859306,12.5115191],[36.9915954,12.505486],[36.9936554,12.5093405],[37.0192329,12.5081674],[37.026786,12.5202334],[37.0307342,12.5177197],[37.0341674,12.5086702],[37.0372573,12.5068267],[37.0401756,12.5093405],[37.0515052,12.5095081],[37.0533935,12.5133626],[37.0540802,12.5178873],[37.0563118,12.5209037],[37.0600883,12.5220768],[37.0616333,12.530288],[37.05923,12.5395043],[37.0640365,12.5517364],[37.0697013,12.5632977],[37.0779411,12.5710049],[37.0868675,12.5659785],[37.0939056,12.5646381],[37.0997421,12.5569306],[37.1014587,12.5649732],[37.1148483,12.5639679],[37.1249763,12.5554226],[37.1327011,12.5559253],[37.1399109,12.5485527],[37.1438591,12.5485527],[37.1508972,12.5406773],[37.1517555,12.5289474],[37.1546737,12.5250932],[37.1586219,12.5237526],[37.1617118,12.5254283],[37.1625702,12.5299528],[37.1660034,12.5353151],[37.1728698,12.5364881],[37.1824829,12.5395043],[37.1871177,12.5425205],[37.1917526,12.5391692],[37.1919242,12.5306231],[37.1950142,12.5286122],[37.1982757,12.5297852],[37.2106353,12.5281095],[37.2144119,12.5257635],[37.2226516,12.5257635],[37.2408477,12.5297852],[37.2564689,12.5299528],[37.2727768,12.525931],[37.2835914,12.5319637],[37.2892562,12.5301204],[37.3052208,12.5336394],[37.3194687,12.5281095],[37.3249618,12.530288],[37.3380081,12.5240877],[37.342128,12.5294501],[37.3644439,12.5334718],[37.3694221,12.5436934],[37.3874466,12.5366557],[37.3991195,12.5420597],[37.4024669,12.5418921],[37.4076168,12.5465001],[37.4159423,12.5464163],[37.4162857,12.5490135],[37.4186031,12.5498513],[37.4204914,12.5489298],[37.4200622,12.5504378],[37.4228517,12.5516526],[37.424225,12.5512756]]}},{"type":"Feature","properties":{"name":"C35 Road","description":"","styleUrl":"#line-E65100-1775-nodesc","strokeColor":"#e65100","strokeOpacity":1.0,"strokeWeight":1.775,"folder":"Roads in Ethiopia"},"geometry":{"type":"LineString","coordinates":[[37.4780907,12.6431503],[37.4775987,12.6485161],[37.4726435,12.6515371],[37.4726893,12.6595889],[37.4749667,12.6636211],[37.4762142,12.6733477],[37.4726842,12.6801597],[37.4701839,12.6869716],[37.4604737,12.6899316],[37.4583164,12.695571],[37.4472393,12.7092019],[37.4515209,12.7133544],[37.4430986,12.7116457],[37.433566,12.7176567],[37.4209429,12.7219927],[37.4229618,12.7252045],[37.4173863,12.7289488],[37.4209983,12.7320841],[37.4183448,12.7367261],[37.4198111,12.7396938],[37.4138173,12.7431178],[37.4088532,12.7525691],[37.4106267,12.7575583],[37.4065211,12.7622377],[37.4068786,12.7685914],[37.3962636,12.7735973],[37.4007829,12.7799262],[37.3795528,12.8065938],[37.379607,12.8225478],[37.3727941,12.8180807],[37.3659811,12.8256648],[37.3554169,12.9104462],[37.3298716,12.944139],[37.2960792,12.9724748],[37.2952393,13.0182077],[37.2889048,13.0719685],[37.2753538,13.0726742],[37.2631745,13.1001325],[37.2551133,13.1302632],[37.2388102,13.1443445],[37.2422636,13.1806097],[37.2148293,13.1996508],[37.1975423,13.1989011],[37.1864331,13.2095143],[37.1519758,13.2227994],[37.1514755,13.2465314],[37.0996526,13.2578904],[37.0862507,13.3059987],[37.0239242,13.3547741],[36.9808022,13.4048747],[36.9766823,13.4516259],[36.9629494,13.4663172],[36.9771973,13.5577838],[36.9588295,13.5958289],[36.9698158,13.6185196],[36.9547096,13.6558877],[36.9588295,13.6972526],[36.94235,13.7226017],[36.9382302,13.7719579],[36.9217507,13.817303],[36.8956581,13.8293047],[36.8723122,13.8893037],[36.8723122,13.9172979],[36.857721,13.9327932],[36.8620124,13.9492031],[36.8585793,13.9746087],[36.8407265,13.9959301],[36.791288,14.0239113],[36.7569557,14.0638786],[36.7075173,14.1517821],[36.6882912,14.1504505],[36.6168801,14.2116968],[36.6155068,14.2582862],[36.6292397,14.2676029],[36.6107002,14.2865679],[36.6117302,14.2945526]]}},{"type":"Feature","properties":{"name":"D24 Road","description":"","styleUrl":"#line-E65100-1969-nodesc","strokeColor":"#e65100","strokeOpacity":1.0,"strokeWeight":1.969,"folder":"Roads in Ethiopia"},"geometry":{"type":"LineString","coordinates":[[38.8830043,14.1880478],[38.8800004,14.1943716],[38.8848069,14.2013611],[38.8882401,14.2166708],[38.8854936,14.2219957],[38.8820603,14.2386351],[38.8755372,14.2496164],[38.8628343,14.2549405],[38.8587144,14.2579353],[38.8542512,14.2586007],[38.8511613,14.2679174],[38.8473847,14.265921],[38.8473847,14.2689156],[38.8388017,14.2732411],[38.8367417,14.2778992],[38.8298753,14.2812264],[38.8319352,14.2875478],[38.8271287,14.2938691],[38.8243821,14.292871],[38.8236955,14.2985268],[38.8195756,14.303517],[38.8164857,14.3015209],[38.8089326,14.3081745],[38.8085893,14.3254728],[38.8054994,14.3291319],[38.8113358,14.3454308],[38.8099626,14.3540787],[38.7993195,14.3727038],[38.8013795,14.3806855],[38.7849,14.4109469],[38.7831834,14.4202573],[38.7879899,14.4262423],[38.7900498,14.4352196],[38.7849,14.4491834],[38.7862733,14.4521756],[38.785415,14.4562482],[38.7856725,14.4602376],[38.7868741,14.4631465],[38.7856725,14.4686317],[38.7746003,14.4707094],[38.7748578,14.4729533]]}},{"type":"Feature","properties":{"name":"Alamata-Hiwane Road","description":"","styleUrl":"#line-E65100-1581-nodesc","strokeColor":"#e65100","strokeOpacity":1.0,"strokeWeight":1.581,"folder":"Roads in Ethiopia"},"geometry":{"type":"LineString","coordinates":[[39.5566222,12.4142053],[39.5813414,12.4235934],[39.5834014,12.427952],[39.6036574,12.4406923],[39.6060607,12.4809205],[39.6143004,12.4829318],[39.6417662,12.5184612],[39.6424529,12.5446024],[39.6506926,12.5573369],[39.6458861,12.5727515],[39.6458861,12.5814637],[39.6506926,12.5928562],[39.6472594,12.6156395],[39.6506926,12.6203299],[39.6472594,12.6263603],[39.6465728,12.7147903],[39.6390197,12.7308652],[39.6438262,12.7455996],[39.6390197,12.7743961],[39.6451995,12.8031894],[39.6582457,12.8139024],[39.6664855,12.8172501],[39.6822783,12.8353269],[39.7035643,12.852733],[39.7090575,12.8567496],[39.7152373,12.8708073],[39.7241637,12.8962429],[39.7152373,12.9143141],[39.7097442,12.9123062],[39.704251,12.9350608],[39.6802184,12.9323839],[39.6836516,12.9511216],[39.6671721,12.9558058],[39.6733519,12.9845783],[39.6747252,13.0039811],[39.6685454,13.0126784],[39.661679,13.0126784],[39.6561858,13.0059882],[39.6472594,13.0059882],[39.6307799,13.0200374],[39.6149871,13.003312],[39.6026275,13.0140164],[39.5895812,13.0100023],[39.5751616,13.0294031],[39.5593688,13.0421132],[39.5449492,13.0648559],[39.5119902,13.095622],[39.4937941,13.0930305]]}},{"type":"Feature","properties":{"name":"Biher Geter-Tahiti Waroro Road","description":"","styleUrl":"#line-E65100-1775-nodesc","strokeColor":"#e65100","strokeOpacity":1.0,"strokeWeight":1.775,"folder":"Roads in Ethiopia"},"geometry":{"type":"LineString","coordinates":[[36.8590098,13.9664223],[36.8765193,13.9630906],[36.9115382,13.946431],[36.9280177,13.93077],[36.9788295,13.9224392],[37.0062953,13.9331026],[37.0135051,13.9297703],[37.0313578,13.9311032],[37.0423442,13.9381008],[37.0457774,13.9327694],[37.048524,13.9341022],[37.0643168,13.9154412],[37.0811396,13.9167742],[37.0959025,13.9111089],[37.1034556,13.9124419],[37.1120387,13.9064433],[37.1278315,13.9071099],[37.1388179,13.9051103],[37.1673137,13.8814475],[37.1752101,13.8837806],[37.1803599,13.8767813],[37.187913,13.8724483],[37.2074824,13.8704485],[37.2249919,13.8631155],[37.2301417,13.8551156],[37.2267085,13.8507823],[37.2400981,13.8387817],[37.2438746,13.830781],[37.2380381,13.830781],[37.242158,13.8244469],[37.2376948,13.8084443],[37.2438746,13.8007759],[37.2696238,13.7931073],[37.3170024,13.7604297],[37.3199206,13.7504254],[37.3281604,13.7507589],[37.3271304,13.7557611],[37.34155,13.7584288],[37.3460131,13.7544271],[37.3436099,13.7617635],[37.3436099,13.7684328],[37.3497897,13.7627639],[37.3525363,13.7670989],[37.3466998,13.7701001],[37.3638659,13.7917736],[37.3721057,13.7931073],[37.371419,13.7987754],[37.3793155,13.7994423],[37.3793155,13.7924405],[37.4167376,13.8064439],[37.4242907,13.805777],[37.4246341,13.8094445],[37.4462634,13.8204464],[37.4545031,13.8191128],[37.4606829,13.8274473],[37.4946719,13.8481155],[37.5077182,13.8481155],[37.5262576,13.8597823],[37.5612765,13.854449],[37.5736361,13.8651154],[37.5784427,13.8811142],[37.5746661,13.8864469],[37.5911456,13.9084429],[37.6086551,13.9041105],[37.6289111,13.9087761],[37.6495105,13.8991115],[37.66599,13.903444],[37.6721698,13.9144414],[37.6800662,13.9247719],[37.6786929,13.9354351],[37.6869326,13.958426],[37.6934558,13.9644233],[37.7051287,13.9984047],[37.7178317,14.0107301],[37.7243548,14.0100639],[37.7315646,14.0170591],[37.7408343,14.023721],[37.7456408,14.0223886],[37.7590304,14.0433724],[37.7638369,14.0740121],[37.7930194,14.0833364],[37.7988559,14.0813383],[37.8060656,14.0820043],[37.8414279,14.1069784],[37.8441745,14.1159684],[37.8575641,14.1096421],[37.8668338,14.1219615],[37.8884631,14.124625],[37.9004794,14.1389411],[37.9025393,14.1502602],[37.9124957,14.157584],[37.9279452,14.1615787],[37.9310351,14.1572511],[37.9293185,14.1442678],[37.9560977,14.1189649],[37.9650241,14.1206297],[37.9770404,14.1129717],[38.0048495,14.1206297],[38.0093127,14.1319497],[38.0137759,14.134946],[38.0350619,14.1366107],[38.0563479,14.1276215],[38.0735141,14.1222944],[38.0948001,14.1262898],[38.1013232,14.1199638],[38.1133395,14.1176331],[38.1167727,14.118632],[38.1281024,14.1136377],[38.1397754,14.110308],[38.151105,14.1046476],[38.1689578,14.1099751],[38.1754809,14.1136377],[38.1929904,14.0943252],[38.2005435,14.0843354],[38.2259494,14.0800063],[38.2321292,14.0833364],[38.2363471,14.0825905]]}},{"type":"Feature","properties":{"name":"Mille-Hara Gebeya Road","description":"","styleUrl":"#line-E65100-1581-nodesc","strokeColor":"#e65100","strokeOpacity":1.0,"strokeWeight":1.581,"folder":"Roads in Ethiopia"},"geometry":{"type":"LineString","coordinates":[[39.6855035,11.8743309],[39.6927133,11.8754648],[39.7032704,11.8838641],[39.7091928,11.8853759],[39.7143426,11.8784886],[39.7175183,11.8780686],[39.7205224,11.8789925],[39.7228398,11.8853759],[39.7264447,11.8831081],[39.7285905,11.8778166],[39.7312512,11.8768927],[39.7374311,11.8653854],[39.7381177,11.8595896],[39.7400918,11.8598415],[39.7422376,11.8573216],[39.7375169,11.8490895],[39.7362294,11.8436294],[39.7370877,11.8415293],[39.738976,11.8409832],[39.7406068,11.8401852],[39.7427526,11.8399752],[39.7550263,11.8348089],[39.770905,11.8332127],[39.7750249,11.8300205],[39.7782006,11.825232],[39.7833505,11.8234678],[39.7836938,11.8265761],[39.7849813,11.8270802],[39.788672,11.8262401],[39.7895303,11.8235518],[39.7908177,11.8227957],[39.7951093,11.8138905],[39.8006024,11.8112021],[39.8016324,11.8070014],[39.803349,11.8061612],[39.8040357,11.8028006],[39.8059239,11.8009523],[39.8109021,11.8014564],[39.8187985,11.7930546],[39.8182836,11.7914582],[39.8237767,11.7901979],[39.8242059,11.7878454],[39.8233476,11.7865851],[39.8257508,11.7834763],[39.8268666,11.7792751],[39.826695,11.7780988],[39.8279824,11.7776787],[39.8274674,11.7763343],[39.8285832,11.7737295],[39.8296132,11.7735615],[39.8300424,11.7704526],[39.8310294,11.7699484],[39.8305144,11.7688981],[39.8333898,11.7688561],[39.8330464,11.7684359],[39.8323598,11.7684359],[39.8321452,11.7681418],[39.8330035,11.7678057],[39.8345914,11.7666294],[39.8347631,11.7653269],[39.8340335,11.7644026],[39.8339047,11.7637724],[39.8342481,11.7635203],[39.8349776,11.7643606],[39.8367372,11.7630582],[39.8376813,11.7633523],[39.8384538,11.7628901],[39.8390117,11.7640665],[39.8396125,11.7632262],[39.8401704,11.7629742],[39.8402562,11.7619238],[39.8396983,11.7619658],[39.8393979,11.7603693],[39.8387113,11.7601172],[39.8392262,11.759487],[39.8390975,11.7587727],[39.8402562,11.7585626],[39.8408999,11.7581845],[39.8413291,11.7592769],[39.8421874,11.7591508],[39.8428311,11.7584366],[39.8430457,11.7601592],[39.8444619,11.7591508],[39.8457923,11.7586467],[39.8477235,11.756714],[39.8477235,11.7557476],[39.8489251,11.7550334],[39.8492684,11.7515041],[39.849998,11.7496554],[39.8504701,11.7493192],[39.8506417,11.7483108],[39.851028,11.7479327],[39.8509851,11.7466722],[39.8522725,11.7429747],[39.8531737,11.7425125],[39.8536458,11.7407898],[39.8528304,11.738731],[39.8536887,11.7381847],[39.854075,11.7370082],[39.855062,11.736588],[39.8554482,11.7354535],[39.8568215,11.7349493],[39.858109,11.7309576],[39.859139,11.7309576],[39.8594394,11.7298651],[39.8603835,11.7285204],[39.8605123,11.7277221],[39.8608556,11.72747],[39.8623147,11.7285204],[39.8627224,11.7266296],[39.8639026,11.7255791],[39.8639455,11.7250328],[39.8647609,11.7249488],[39.864954,11.7242344],[39.8664775,11.7236882],[39.8667564,11.7228478],[39.8674216,11.7222175],[39.8687091,11.7196542],[39.8685374,11.7190869],[39.869031,11.7186037],[39.8684945,11.7175952],[39.8691812,11.7158723],[39.8697391,11.7158723],[39.8696961,11.715242],[39.8721852,11.7130149],[39.8710694,11.7127627],[39.8716273,11.7101574],[39.872314,11.7084345],[39.872829,11.7081403],[39.8735585,11.7066275],[39.8740735,11.7004921],[39.8750176,11.6999458],[39.8748889,11.6981808],[39.8767772,11.6954492],[39.8769918,11.6934321],[39.8790946,11.6877166],[39.8814549,11.6865399],[39.8815837,11.684985],[39.8821845,11.6849429],[39.8823562,11.6862037],[39.8835578,11.6848169],[39.8840299,11.685069],[39.8845878,11.6864559],[39.8842874,11.6880949],[39.8849311,11.6878847],[39.8851457,11.6854473],[39.8863044,11.6848589],[39.8872056,11.6857414],[39.8877635,11.6857414],[39.8887506,11.6846067],[39.8895659,11.6856994],[39.8907247,11.6852371],[39.8905959,11.6871703],[39.8912396,11.6871283],[39.8917975,11.6847748],[39.8917117,11.6835561],[39.8925271,11.6808244],[39.8995223,11.6764536],[39.9015822,11.6766217],[39.9070754,11.6749406],[39.9082341,11.6741841],[39.9167314,11.6733435],[39.9208083,11.6744362],[39.9266019,11.672503],[39.9299064,11.6724609],[39.9329963,11.6701074],[39.9383178,11.6701074],[39.952909,11.6671234],[39.9572005,11.6614494],[39.9735942,11.6581711],[39.9763408,11.6543884],[39.9776711,11.6503534],[39.9811473,11.6474953],[39.9773707,11.6441327],[39.9776711,11.6428718],[39.978272,11.6424514],[39.9776282,11.6411064],[39.9781003,11.6404339],[39.9781003,11.6382902],[39.9766841,11.6381221],[39.9765554,11.6376177],[39.9771132,11.6370712],[39.9765554,11.6361885],[39.9740663,11.6340448],[39.9726501,11.6337086],[39.9732938,11.6315228],[39.9720492,11.6250495],[39.9758258,11.6210561],[39.9790444,11.6187021],[39.9889579,11.6217287],[39.9905458,11.6201734],[39.9935069,11.6192906],[39.9982276,11.6190804],[40.004107,11.6131533],[40.0168529,11.603821],[40.0193419,11.6062171],[40.0235477,11.6124387],[40.0232472,11.6165583],[40.0242343,11.6177353],[40.0533738,11.6174831],[40.074574,11.6091598],[40.0978341,11.6111776],[40.1158586,11.6231159],[40.129334,11.6251335],[40.1440969,11.617399],[40.144526,11.6089076],[40.143496,11.6063853],[40.1463285,11.6023496],[40.1454701,11.5963801],[40.1406636,11.5899901],[40.1420369,11.5866268],[40.1487317,11.5835998],[40.1779141,11.5881403],[40.1883855,11.5933533],[40.2016034,11.597389],[40.2077832,11.6012566],[40.2143064,11.5989025],[40.2201428,11.6020974],[40.2254643,11.5990706],[40.2290692,11.5913353],[40.2436605,11.5829272],[40.2472653,11.578723],[40.2496686,11.5783867],[40.2500119,11.5763687],[40.2515569,11.5763687],[40.2603116,11.566951],[40.2664914,11.5674555],[40.2733579,11.574687],[40.2905592,11.5824592],[40.2953657,11.5817865],[40.3290114,11.5494967],[40.3399977,11.5474785],[40.3422293,11.5444511],[40.3441176,11.5444511],[40.3461775,11.5410873],[40.3496107,11.5373871],[40.3587088,11.5178761],[40.3751883,11.5168668],[40.3805098,11.5185489],[40.382913,11.5175397],[40.3837713,11.5197263],[40.3875479,11.517035],[40.3916678,11.5168668],[40.3921827,11.5148484],[40.395616,11.514512],[40.3985342,11.5123253],[40.4105505,11.5059333],[40.416387,11.4971862],[40.4206785,11.4960086],[40.4229101,11.4976908],[40.4292616,11.4938218],[40.4352697,11.4995412],[40.4393896,11.5003823],[40.4431662,11.504083],[40.4598173,11.4983637],[40.4661688,11.4998776],[40.4702887,11.497859],[40.4841932,11.4987001],[40.4864248,11.497859],[40.4843649,11.4933171],[40.4848799,11.4852425],[40.4912314,11.4805322],[40.490373,11.4758218],[40.4932913,11.4746442],[40.4951796,11.471616],[40.5027327,11.467242],[40.5173239,11.4682514],[40.535005,11.4564747],[40.5422148,11.4564747],[40.5441031,11.4541193],[40.5487379,11.4558018],[40.5569777,11.4547923],[40.5580076,11.4494085],[40.5561194,11.4453706],[40.556291,11.4404914],[40.5590376,11.4408279],[40.5672773,11.4315739],[40.5811819,11.4233293],[40.5870184,11.4145796],[40.6059012,11.4095315],[40.6131109,11.4169353],[40.6186041,11.4115508],[40.6258139,11.4155892],[40.64195,11.4155892],[40.6474432,11.4132334],[40.6567129,11.4128969],[40.665296,11.4223197],[40.6721624,11.4165988],[40.6797155,11.4240023],[40.6907019,11.4186179],[40.696195,11.4115508],[40.7027182,11.406671],[40.7056364,11.406671],[40.7106146,11.4036421],[40.7155928,11.4021276],[40.7167944,11.4016228],[40.7149061,11.3992669],[40.717481,11.3947235],[40.7228026,11.3925359],[40.7264074,11.3851315],[40.730699,11.3810927],[40.7371363,11.3804195],[40.7394537,11.3789049]]}},{"type":"Feature","properties":{"name":"Humera-Shiraro Road","description":"","styleUrl":"#line-E65100-1770-nodesc","strokeColor":"#e65100","strokeOpacity":1.0,"strokeWeight":1.77,"folder":"Roads in Ethiopia"},"geometry":{"type":"LineString","coordinates":[[36.6292397,14.2676029],[36.9797186,14.0962367],[36.9934515,14.0742586],[37.009931,14.0709284],[37.0497564,14.0636019],[37.0614294,14.0542768],[37.0731024,14.0576072],[37.1376471,14.0469496],[37.139707,14.0536107],[37.1534399,14.0452844],[37.1733526,14.0479488],[37.2021917,14.0785878],[37.2186712,14.0879119],[37.2221045,14.0998995],[37.2667364,14.1471776],[37.2667364,14.1545015],[37.2935156,14.1771376],[37.3079352,14.1638225],[37.3285345,14.178469],[37.3402075,14.1618252],[37.3669867,14.1545015],[37.3882727,14.1198774],[37.389646,14.0965697],[37.4583105,14.0925738],[37.47685,14.1072249],[37.4892096,14.1092227],[37.4940161,14.1032293],[37.5056891,14.1105546],[37.5111822,14.1232068],[37.5166754,14.1232068],[37.5201086,14.1358584],[37.5462011,14.1445143],[37.5585608,14.1558331],[37.5654272,14.1837948],[37.5791601,14.2157468],[37.6224188,14.2530184],[37.6340918,14.2496908],[37.6636175,14.2523528],[37.6725439,14.2649972],[37.6869635,14.2776408],[37.7000097,14.280968],[37.7109961,14.2896184],[37.736402,14.3544856],[37.7479028,14.361969],[37.7528814,14.3747736],[37.7700476,14.3860808],[37.7739958,14.4005465]]}},{"type":"Feature","properties":{"name":"Shiraro-Adi Hagaray Road","description":"","styleUrl":"#line-E65100-1775-nodesc","strokeColor":"#e65100","strokeOpacity":1.0,"strokeWeight":1.775,"folder":"Roads in Ethiopia"},"geometry":{"type":"LineString","coordinates":[[37.7739958,14.4005465],[37.804928,14.4017934],[37.8107645,14.4077789],[37.8207208,14.4051187],[37.8293039,14.4071139],[37.8732492,14.4067814],[37.8849222,14.4034561],[37.8948786,14.4081115],[37.8993418,14.4064488],[37.9082682,14.4077789],[37.912388,14.405285],[37.9214861,14.40595],[37.9278375,14.4112704],[37.934189,14.4159257],[37.9410555,14.4322182],[37.9441454,14.4327169],[37.9510118,14.4411952],[37.9601099,14.44319],[37.9609682,14.4451849],[37.9664614,14.4465147],[37.9728128,14.4518342],[37.9759027,14.4526653],[37.9747869,14.4535796],[37.9757311,14.4554912],[37.9792501,14.4574028],[37.9824259,14.4557405]]}},{"type":"Feature","properties":{"name":"Shire-Badme Road","description":"","styleUrl":"#line-E65100-1578-nodesc","strokeColor":"#e65100","strokeOpacity":1.0,"strokeWeight":1.578,"folder":"Roads in Ethiopia"},"geometry":{"type":"LineString","coordinates":[[38.2766956,14.0978105],[38.2756656,14.1171226],[38.2839054,14.1327709],[38.285622,14.1510814],[38.2742923,14.1827051],[38.2667392,14.1880308],[38.2595295,14.1847023],[38.2519764,14.1873651],[38.24099,14.2026757],[38.2351536,14.223643],[38.2183307,14.2565876],[38.1942981,14.2715608],[38.1706089,14.3098212],[38.1678623,14.3244582],[38.1702656,14.3281173],[38.1712955,14.3570554],[38.176102,14.3819991],[38.1884617,14.4109302],[38.186745,14.415918],[38.178162,14.4145879],[38.1767887,14.4219031],[38.1695789,14.4229006],[38.1592792,14.4215706],[38.1520694,14.4175805],[38.1469196,14.4192431],[38.1421131,14.4155855],[38.1328434,14.4205731],[38.1252903,14.4199081],[38.1232303,14.4235656],[38.1119007,14.4262256],[38.0930179,14.4182455],[38.0820316,14.4192431],[38.0751652,14.415918],[38.0693287,14.4189106],[38.069672,14.4245631],[38.0682987,14.431213],[38.0638355,14.4345379],[38.0435795,14.440855],[38.0271,14.4388602],[37.9982609,14.4511615],[37.9859012,14.4524914],[37.9738849,14.4631298],[37.9714817,14.4780892],[37.983498,14.4893912],[37.9838413,14.4986983],[37.9907078,14.5070078],[37.9903644,14.5279466],[37.982468,14.5415723],[37.9731983,14.5362551],[37.970795,14.542237],[37.9653019,14.5435663],[37.9666752,14.5532034],[37.9567188,14.5711472],[37.9584354,14.5847703],[37.9556888,14.5857671],[37.9536289,14.5944056],[37.9574054,14.6110172],[37.9457325,14.6239734],[37.9405826,14.6239734],[37.9333729,14.6326105],[37.9261631,14.6329426],[37.9223865,14.6309495],[37.9182667,14.6352679],[37.9206699,14.6385898],[37.9127735,14.6475584],[37.9100269,14.6462297],[37.9038471,14.6555302],[37.9000705,14.659516],[37.8990406,14.6718051],[37.8942341,14.6714729],[37.8825611,14.6644981],[37.8602451,14.6678195],[37.8399891,14.6668231],[37.8214496,14.6704765],[37.8108066,14.6668231],[37.80806,14.6608446],[37.7862591,14.661841]]}},{"type":"Feature","properties":{"name":"Tigray Region Border","description":"","styleUrl":"#line-FF5252-2356-nodesc","strokeColor":"#ff5252","strokeOpacity":1.0,"strokeWeight":2.356,"folder":"Tigray Region Border"},"geometry":{"type":"LineString","coordinates":[[36.5580642,14.2587961],[36.5603936,14.2574467],[36.465122,13.9777665],[36.497053,13.834774],[36.4948214,13.8327739],[36.4946498,13.8316071],[36.491989,13.8274399],[36.4891566,13.8259398],[36.4883841,13.8248563],[36.4860667,13.8244396],[36.4840926,13.8221059],[36.483406,13.8197722],[36.482376,13.8194388],[36.4815177,13.8183553],[36.4782561,13.8175219],[36.4777411,13.8156049],[36.4786853,13.8132711],[36.4781703,13.8123543],[36.4786853,13.8101039],[36.4781703,13.8086869],[36.4763678,13.8079368],[36.4758529,13.8070199],[36.4769687,13.8045194],[36.4765395,13.7986014],[36.4747351,13.797792],[36.4699305,13.7923498],[36.4695872,13.7843475],[36.4664953,13.7804538],[36.4608325,13.780763],[36.4564551,13.7790958],[36.4559401,13.775678],[36.4549102,13.7741775],[36.4534511,13.773844],[36.4527624,13.7764525],[36.4517344,13.7765116],[36.4475356,13.7658952],[36.4513798,13.764178],[36.457903,13.758509],[36.4651127,13.7495051],[36.4657994,13.745003],[36.4809056,13.732997],[36.4829655,13.72616],[36.478159,13.7169881],[36.478159,13.7111512],[36.4810773,13.7044804],[36.4809056,13.6978093],[36.4843388,13.6904709],[36.4905186,13.6851338],[36.4908619,13.6802969],[36.4973851,13.6726243],[36.5021916,13.6649515],[36.5068265,13.6646179],[36.5090581,13.6616155],[36.510603,13.654276],[36.5145512,13.6482707],[36.5145512,13.6389289],[36.5310307,13.6027261],[36.5361806,13.5985549],[36.5380688,13.5930488],[36.5401288,13.5918808],[36.5468236,13.598388],[36.5488835,13.5985549],[36.5576382,13.5908797],[36.5596982,13.591714],[36.5720578,13.5860409],[36.5935155,13.5800339],[36.6077633,13.5828705],[36.6122265,13.578699],[36.6208096,13.5745274],[36.6242428,13.5770304],[36.6431256,13.5715238],[36.6479321,13.5730256],[36.6572018,13.5693545],[36.6657849,13.5713569],[36.6726513,13.570022],[36.6822644,13.5696882],[36.7165967,13.5506643],[36.7185708,13.5521663],[36.733162,13.5531676],[36.7455608,13.5381717],[36.7489941,13.5258214],[36.7551739,13.51781],[36.7589504,13.5034557],[36.7761166,13.4957774],[36.801251,13.4588584],[36.8376432,13.4428309],[36.8465696,13.4334811],[36.8527494,13.4334811],[36.8596159,13.4244648],[36.8685423,13.4237969],[36.8730055,13.4207914],[36.8760954,13.4131105],[36.8833051,13.4097709],[36.8843351,13.4050954],[36.8891416,13.4027576],[36.8925749,13.4054294],[36.8966947,13.4060973],[36.9118009,13.3813824],[36.9159208,13.3833864],[36.9181524,13.3797124],[36.9171224,13.3757043],[36.919354,13.3728652],[36.9282804,13.3747023],[36.929997,13.3715292],[36.9330869,13.3695251],[36.9392668,13.3775414],[36.9428716,13.3730322],[36.953343,13.3665189],[36.9598661,13.3661849],[36.9663893,13.367688],[36.9729124,13.3635127],[36.9778906,13.3635127],[36.9864736,13.3580012],[36.9935118,13.3578342],[36.9996916,13.3556629],[37.0240675,13.3641807],[37.0316206,13.3701931],[37.0432935,13.3701931],[37.0587431,13.3822174],[37.0638929,13.3755373],[37.0680128,13.3755373],[37.0807157,13.3842214],[37.1078382,13.3942412],[37.1394239,13.438657],[37.1840559,13.4343159],[37.1885191,13.4393248],[37.1953855,13.438657],[37.200192,13.4326463],[37.2098051,13.4293069],[37.2259413,13.4329802],[37.2506605,13.4166171],[37.2595869,13.4022567],[37.276753,13.3885634],[37.2863661,13.3878954],[37.2994123,13.3735333],[37.3069654,13.3721972],[37.3165785,13.3785434],[37.3231016,13.3782094],[37.3313413,13.3648488],[37.3361479,13.3708612],[37.3498808,13.3708612],[37.3574339,13.3635127],[37.3972593,13.356164],[37.4164854,13.3715292],[37.4212919,13.3635127],[37.4446378,13.3501512],[37.4576841,13.3501512],[37.4775968,13.3608404],[37.4858366,13.3554959],[37.5030027,13.3655168],[37.5187956,13.3655168],[37.5558744,13.3842214],[37.5668607,13.3842214],[37.5833402,13.3929052],[37.6025663,13.3989169],[37.6108061,13.408936],[37.6272856,13.4035925],[37.6595579,13.428973],[37.6609312,13.4396587],[37.6739774,13.4456692],[37.6932035,13.4683742],[37.6911436,13.4810613],[37.7028166,13.4970862],[37.7247892,13.5578375],[37.7405821,13.5711874],[37.7474485,13.5718548],[37.7501951,13.5872062],[37.7584348,13.588541],[37.7673612,13.6199079],[37.7787677,13.6328077],[37.7973071,13.6341423],[37.81001,13.6248],[37.8209963,13.5967708],[37.852582,13.565401],[37.8663105,13.5581637],[37.8910342,13.5263497],[37.9493989,13.5250145],[37.959012,13.5180047],[37.9617586,13.4936352],[37.9790147,13.4876999],[38.0044206,13.4987168],[38.0157501,13.4973814],[38.0205566,13.4850291],[38.0356628,13.4773502],[38.0514557,13.4783518],[38.0615888,13.4640337],[38.0698286,13.4636998],[38.1026236,13.4862368],[38.1182371,13.4890739],[38.1302534,13.4990893],[38.1350599,13.4990893],[38.1364332,13.4904093],[38.1408964,13.4797259],[38.152226,13.474384],[38.1683622,13.4757195],[38.1784849,13.4873662],[38.1902341,13.4866071],[38.1946211,13.478352],[38.2141905,13.4756811],[38.2550458,13.4933755],[38.2845715,13.4770165],[38.3137539,13.4927079],[38.3082607,13.5007201],[38.3120373,13.5050599],[38.3329799,13.4980494],[38.3439663,13.5020555],[38.3439663,13.5164099],[38.3346966,13.5304296],[38.337443,13.5444485],[38.3443095,13.5451161],[38.360789,13.5290944],[38.3628489,13.5387743],[38.3710887,13.5451161],[38.3889415,13.5334337],[38.3971812,13.5484539],[38.4043909,13.5484539],[38.4085109,13.5337676],[38.4260202,13.546785],[38.4397531,13.5788249],[38.4582925,13.5794923],[38.4562326,13.5591342],[38.4641289,13.5584667],[38.4706521,13.5678117],[38.4795785,13.5678117],[38.4812951,13.5557967],[38.4905706,13.5508285],[38.5221505,13.5534605],[38.5396599,13.5477864],[38.5595726,13.5477864],[38.567469,13.5404434],[38.5561394,13.5254229],[38.5406899,13.5154086],[38.5094475,13.5107352],[38.4867883,13.4853633],[38.4720255,13.4780183],[38.477862,13.4613244],[38.5025812,13.474012],[38.5231805,13.4736781],[38.5736489,13.486365],[38.5945915,13.5160763],[38.6165641,13.4940436],[38.6522697,13.4880343],[38.6670325,13.4987174],[38.6793921,13.4990512],[38.6881461,13.4852708],[38.7430833,13.3793872],[38.7326132,13.3603394],[38.7346731,13.3449735],[38.7422262,13.3332814],[38.7401663,13.3142387],[38.7429128,13.3062203],[38.7429128,13.302211],[38.7357031,13.3038816],[38.7346731,13.3008745],[38.7394796,13.2868414],[38.7305532,13.2677951],[38.7738119,13.2494157],[38.8053917,13.2428614],[38.8311409,13.2335039],[38.8476204,13.2238117],[38.8716529,13.2321671],[38.9018653,13.2355091],[38.9135381,13.24353],[38.9293371,13.2480789],[38.9423834,13.2574359],[38.9646993,13.259441],[38.9657293,13.2056336],[39.017571,13.2046309],[39.0199743,13.180564],[39.0513775,13.1759613],[39.0548108,13.1418619],[39.0100073,13.1055425],[39.0177321,13.0127765],[39.0616774,12.9987268],[39.0815901,12.9679486],[39.0928903,12.9737162],[39.1249894,12.974146],[39.1478513,13.0057518],[39.1917965,13.021808],[39.2084168,13.0173003],[39.2247555,13.0231461],[39.2439815,13.0141147],[39.2496572,12.9303968],[39.2585836,12.9303968],[39.2681967,12.9257121],[39.2702566,12.9196888],[39.2681967,12.9136654],[39.2712866,12.9006141],[39.278153,12.8992755],[39.2795263,12.8725013],[39.320725,12.8617909],[39.3275915,12.8537577],[39.2905126,12.8176054],[39.3166052,12.8062231],[39.2829595,12.7727426],[39.2822729,12.7626976],[39.3056188,12.7526522],[39.3117986,12.7352392],[39.3056188,12.7191646],[39.2911993,12.7278718],[39.2850195,12.7218438],[39.2877661,12.7077778],[39.3063055,12.6923713],[39.26854,12.6695949],[39.1950689,12.6521762],[39.1806494,12.6340863],[39.1833959,12.6153251],[39.2067419,12.5704265],[39.2431341,12.4195906],[39.2383276,12.3900835],[39.2506872,12.3484997],[39.2911993,12.2934916],[39.3330847,12.2981879],[39.3481909,12.2921498],[39.3907629,12.2961752],[39.3845831,12.312947],[39.4031225,12.3156304],[39.4250952,12.3310594],[39.48346,12.3176429],[39.5322119,12.3230096],[39.558991,12.2934916],[39.5624243,12.2753767],[39.5521246,12.2599444],[39.5562444,12.2492084],[39.5679174,12.2458534],[39.6358953,12.2800733],[39.6357236,12.2979363],[39.7327123,12.3015423],[39.8000036,12.3243512],[39.8178564,12.3511827],[39.8157964,12.4356839],[39.8020635,12.4598221],[39.8096166,12.5489797],[39.8226629,12.5831597],[39.8357092,12.6039336],[39.8755346,12.6307362],[39.8920141,12.7084476],[39.9009405,12.7198344],[39.896134,12.8001969],[39.8501287,12.8504105],[39.8197447,12.851582],[39.7936521,12.9136654],[39.7900472,12.9153386],[39.7847258,12.9312333],[39.7715078,12.9441157],[39.7756277,12.995304],[39.7763143,13.0267478],[39.7958837,13.0294237],[39.7814642,13.0862794],[39.7890173,13.1003241],[39.7883306,13.1076805],[39.7986303,13.1190491],[39.7979437,13.1357666],[39.7711645,13.2066363],[39.7526585,13.2070714],[39.7293125,13.2404933],[39.7244726,13.2681292],[39.7409521,13.2948604],[39.7464453,13.3503183],[39.7574316,13.3957441],[39.7533117,13.4070992],[39.7553716,13.4151143],[39.7340856,13.4418292],[39.7347723,13.4758864],[39.7594915,13.5399809],[39.7557818,13.5641501],[39.8223863,13.5474623],[39.8368059,13.5748298],[39.8374924,13.6542446],[39.8210129,13.6722593],[39.8175797,13.7029479],[39.7997269,13.7149554],[39.831999,13.8443306],[39.8265059,13.877663],[39.8402387,13.8923278],[39.8361188,13.9183221],[39.8271924,13.9276527],[39.8388653,13.9509776],[39.8381786,13.9629723],[39.8120862,13.9529767],[39.7997266,13.9596405],[39.7976667,13.9929563],[39.8093395,14.0149421],[39.8065929,14.0575753],[39.7791271,14.084883],[39.761961,14.0718955],[39.7403317,14.0772237],[39.7320919,14.0862149],[39.7327786,14.0995344],[39.7486199,14.1087219],[39.7653941,14.132497],[39.7702006,14.1491429],[39.7032528,14.1591299],[39.6792203,14.1518062],[39.6723552,14.1597472],[39.7005061,14.2116506],[39.7017089,14.2359478],[39.7537279,14.2495929],[39.7769163,14.2931945],[39.7493718,14.3083495],[39.7156809,14.2913083],[39.6919645,14.2934288],[39.6780422,14.3024732],[39.6854982,14.3415922],[39.739352,14.3737928],[39.7697163,14.3679473],[39.7955382,14.3889638],[39.8576096,14.3679485],[39.9476994,14.3614272],[39.9906912,14.3807847],[39.9825492,14.4050133],[39.9812724,14.4425428],[39.9712696,14.4371355],[39.9719562,14.4278258],[39.9637165,14.4271609],[39.9513569,14.4158556],[39.9252645,14.4165205],[39.8414935,14.4903255],[39.8215809,14.4836773],[39.803296,14.5026818],[39.7647822,14.5502166],[39.7167171,14.5542041],[39.6823847,14.592748],[39.6592118,14.5929175],[39.6429044,14.6043817],[39.6142363,14.5984007],[39.6095154,14.6052096],[39.579388,14.607366],[39.5533802,14.5899242],[39.5325246,14.5844409],[39.5293491,14.5657507],[39.506604,14.5542033],[39.5066041,14.5156526],[39.5368166,14.4983691],[39.5263446,14.4864034],[39.4969913,14.4824137],[39.4938155,14.5028561],[39.4895105,14.5050405],[39.4835813,14.5024763],[39.4728295,14.5002148],[39.4661973,14.5075922],[39.4476973,14.5053945],[39.4333775,14.5159247],[39.4192286,14.513658],[39.4168683,14.5194742],[39.4175978,14.5266199],[39.4091006,14.5269521],[39.3988009,14.5435688],[39.3683073,14.5386768],[39.3685886,14.5289461],[39.3593809,14.5346888],[39.3562291,14.5090045],[39.3665288,14.4950445],[39.3555425,14.4950444],[39.3582891,14.4844075],[39.3287635,14.4930499],[39.3459296,14.4684513],[39.2971779,14.4691159],[39.2621592,14.4145901],[39.2429332,14.413925],[39.2292002,14.4504986],[39.2655921,14.4857368],[39.2412779,14.5645969],[39.2058537,14.5641709],[39.1577886,14.6053708],[39.1591617,14.6319475],[39.1674014,14.6452346],[39.1481752,14.6518777],[39.0973637,14.6372621],[39.0286993,14.6372618],[39.0053535,14.6199877],[39.0163398,14.5987256],[38.9984871,14.5841065],[38.9723949,14.5375851],[38.9311962,14.5402436],[38.8927443,14.5016903],[38.8501724,14.4996958],[38.8281998,14.4870646],[38.8179002,14.489059],[38.814467,14.4784219],[38.7979635,14.46611],[38.7746175,14.4740883],[38.7430318,14.4661098],[38.7045798,14.4700988],[38.6221826,14.4408427],[38.6015832,14.447492],[38.5164395,14.4115824],[38.5123197,14.4182327],[38.4855405,14.4242177],[38.4573881,14.4129123],[38.4443418,14.4302025],[38.4299222,14.4361872],[38.424429,14.4714275],[38.4038296,14.4707625],[38.3969631,14.4900425],[38.3660641,14.4907072],[38.3585109,14.5146388],[38.346838,14.5146388],[38.3454646,14.5345797],[38.3314346,14.5399897],[38.3163423,14.5689047],[38.3204481,14.5778717],[38.2957289,14.6031227],[38.2874891,14.6177404],[38.2813233,14.6114329],[38.2710098,14.6170759],[38.2758162,14.6390007],[38.2682631,14.6463084],[38.2662031,14.6722159],[38.231871,14.6928068],[38.1875358,14.694706],[38.1882224,14.6840788],[38.1422173,14.6781006],[38.1353508,14.6927133],[38.109945,14.7000191],[38.0920922,14.7159586],[38.0522667,14.7166224],[38.0199943,14.7431854],[38.0220542,14.7617777],[38.0131278,14.7697453],[38.0018586,14.7695122],[38.0014549,14.7783766],[37.9932151,14.7757207],[37.9856618,14.8109066],[37.9726158,14.7996212],[37.9684957,14.8341394],[37.9472097,14.8414405],[37.9527028,14.8467503],[37.9424032,14.8507326],[37.9472096,14.8573696],[37.9355366,14.8713065],[37.9270143,14.8777104],[37.9218037,14.8925421],[37.9115039,14.8958598],[37.5266875,14.1847813],[37.4978485,14.1834498],[37.4978484,14.1974293],[37.4861755,14.2014233],[37.4786224,14.2154017],[37.4669495,14.2160673],[37.4717559,14.2526733],[37.4477234,14.2526733],[37.4490967,14.2626557],[37.3948517,14.2999195],[37.4065247,14.3165531],[37.4010315,14.3225409],[37.4051514,14.3378424],[37.3831787,14.3424991],[37.3818054,14.3531427],[37.3927916,14.3651162],[37.3831787,14.3671118],[37.3797455,14.3764239],[37.3708191,14.3737633],[37.3721924,14.3850705],[37.3495331,14.403028],[37.3502197,14.4176589],[37.33992,14.4136687],[37.3337402,14.4309589],[37.318634,14.4309589],[37.3131409,14.4489126],[37.2595826,14.4409333],[37.247223,14.4322887],[37.2266236,14.4455879],[37.2012178,14.4396033],[37.2080843,14.4316238],[37.1723787,14.4156637],[37.1682589,14.4243089],[37.1442264,14.4083483],[37.1353,14.4103433],[37.0989079,14.3338505],[37.106461,14.32121],[37.1050877,14.2899384],[37.0975347,14.2846152],[37.096848,14.2746337],[37.075562,14.2699756],[37.065949,14.2633209],[37.0453497,14.2686447],[37.0192572,14.252673],[37.0075842,14.2553349],[37.0020911,14.2633208],[36.992478,14.2639863],[36.982865,14.2819534],[36.9677588,14.2945961],[36.9471595,14.2939307],[36.9025276,14.3092341],[36.8970344,14.317218],[36.88268,14.3155991],[36.8678638,14.3223798],[36.8558358,14.3225404],[36.851029,14.3212098],[36.8407296,14.3085686],[36.8357514,14.3128934],[36.8324898,14.307238],[36.8276833,14.3198792],[36.7397178,14.323378],[36.6944744,14.301915],[36.662202,14.3098992],[36.6271831,14.3112298],[36.6172919,14.2979671],[36.5880444,14.2859456],[36.5825512,14.293265],[36.5516523,14.2819531],[36.5646986,14.2659824],[36.5580783,14.2588097]]}},{"type":"Feature","properties":{"name":"Sudan","description":"In a state of civil war","styleUrl":"#poly-795548-1200-112","strokeColor":"#795548","strokeOpacity":1.0,"strokeWeight":1.2,"fillColor":"#795548","fillOpacity":0.4392156862745098,"folder":"Sudan"},"geometry":{"type":"Polygon","coordinates":[[[24.993524,21.9968288],[24.999492,20.0123885],[24.0052455,19.9966963],[23.9931382,15.6998903],[23.9574283,15.7210343],[23.9189765,15.7210264],[23.7596693,15.7527165],[23.726713,15.7421357],[23.6195922,15.7659039],[23.487763,15.7420861],[23.4246012,15.702416],[23.3284766,15.6812426],[23.2886477,15.6984218],[23.2488221,15.7010576],[23.206247,15.7169126],[23.1801565,15.7089754],[23.1307165,15.7182188],[23.095016,15.6970596],[23.0757986,15.6600346],[23.0579456,15.6613532],[23.0469627,15.6468052],[23.0304902,15.6163846],[22.9769421,15.5727237],[22.9481043,15.568749],[22.923391,15.5436075],[22.9275178,15.5118527],[22.9206559,15.4920015],[22.9302747,15.4655342],[22.9824688,15.4231869],[22.9879721,15.3768492],[22.9921009,15.3371227],[23.0030897,15.3252054],[23.0003484,15.3013634],[22.9866197,15.2828155],[22.9838794,15.2549941],[23.0072302,15.2324748],[22.986633,15.223195],[22.981145,15.2006662],[22.9619244,15.1768067],[22.9330878,15.1675229],[22.9303463,15.1436631],[22.9413414,15.1038939],[22.9248656,15.08798],[22.8891596,15.0919503],[22.8603244,15.0760328],[22.8589563,15.0521629],[22.8108971,15.0282809],[22.7820666,14.991135],[22.7477404,14.9645955],[22.7532468,14.9048868],[22.7395165,14.8942672],[22.7093042,14.895588],[22.6639945,14.8570884],[22.7134631,14.7190085],[22.7175888,14.6924438],[22.5802711,14.647246],[22.5157279,14.6432466],[22.4662929,14.6299492],[22.4470722,14.6073553],[22.4113676,14.6046901],[22.3811762,14.5103117],[22.3907896,14.5083195],[22.3935342,14.5176261],[22.4436654,14.4870576],[22.435351,14.4091575],[22.4628311,14.3426494],[22.4326249,14.316032],[22.4188974,14.2920766],[22.4710924,14.2441746],[22.5562368,14.2388676],[22.5534954,14.2149063],[22.5754749,14.1829592],[22.5397832,14.1216983],[22.4876016,14.1083694],[22.4436692,14.0524156],[22.3997237,14.0550708],[22.3228307,14.0070919],[22.3008647,13.9777718],[22.2624159,13.9644374],[22.2074854,13.9617605],[22.2184793,13.9271099],[22.0784373,13.7804149],[22.1306363,13.7137288],[22.1114163,13.6870407],[22.1773551,13.588297],[22.2158135,13.5589367],[22.2185816,13.4601266],[22.2955077,13.3559466],[22.1252622,13.1687801],[22.0126594,13.1420122],[21.9687295,13.0724531],[21.9357722,13.0670956],[21.9220441,13.0456883],[21.9275448,13.0109035],[21.8918477,12.9734284],[21.8451864,12.8342048],[21.8122308,12.820808],[21.8589356,12.7592143],[21.8589431,12.7243884],[21.9441073,12.62794],[22.1528362,12.6708614],[22.2022672,12.7030257],[22.2077498,12.75125],[22.3176271,12.6816139],[22.474192,12.6307296],[22.4330123,12.5449439],[22.4385117,12.5154525],[22.4083013,12.5074024],[22.3726096,12.4457161],[22.4357927,12.3894006],[22.4193202,12.3572041],[22.4990117,12.1666638],[22.471574,12.0377535],[22.5182666,12.0323908],[22.6336151,12.0646472],[22.5595387,11.6910351],[22.5622974,11.6345489],[22.6611997,11.5134872],[22.7573373,11.4758266],[22.7848093,11.4462226],[22.7903123,11.4004571],[22.8287607,11.416619],[22.9413684,11.4220267],[22.9331503,11.3223974],[22.9716063,11.3035531],[22.9853566,11.2227459],[22.8755538,10.9451047],[22.8728165,10.9019553],[22.9799591,10.7778902],[22.9992001,10.7077351],[23.144784,10.6321913],[23.1640204,10.5836021],[23.2519207,10.5350195],[23.3041217,10.4594136],[23.6585518,9.8836662],[23.6970511,9.6617243],[24.1035432,9.6591011],[24.1364848,9.7403269],[24.1886713,9.732217],[24.2435926,9.7782448],[24.3369724,9.7945039],[24.4056394,9.7809851],[24.4385901,9.8188828],[24.5072506,9.8351348],[24.5539499,9.799962],[24.5896542,9.8053823],[24.6747982,9.8026937],[24.7159903,9.8324719],[24.8066362,9.7891886],[24.8121236,9.8162544],[24.8725463,9.8243858],[24.971407,9.8974682],[25.0400433,10.0273299],[25.0345426,10.0624868],[25.0784819,10.089538],[25.0757266,10.1300962],[25.0345222,10.157124],[25.0921664,10.3139016],[25.1251263,10.3085041],[25.1498408,10.3301263],[25.1882931,10.3274322],[25.2212467,10.3517568],[25.2761804,10.3409606],[25.2844155,10.3625774],[25.4437105,10.389627],[25.4739256,10.3761253],[25.776038,10.4221133],[25.9271085,10.3789218],[25.9353909,10.1816428],[26.0013131,10.1600293],[26.0590016,10.1113748],[26.1194488,10.0059177],[26.2183429,9.9247845],[26.3172811,9.6379016],[26.3804655,9.5756295],[26.7073259,9.4890212],[27.034144,9.6001402],[27.1522412,9.6245369],[27.9102989,9.6057402],[28.4458962,9.5327271],[28.9485015,9.6140824],[29.0528468,9.7278211],[29.124253,9.749492],[29.5389863,9.7468723],[29.5389148,10.0769523],[29.9261383,10.2770826],[29.992056,10.2770965],[30.5194656,9.9689726],[30.8271374,9.7146591],[30.8422415,9.7241371],[30.8422362,9.7485003],[31.1773186,9.7485711],[31.2899259,9.7594223],[31.3297468,9.7797312],[31.7416294,10.258547],[31.7800744,10.2909856],[31.988736,10.650241],[32.1535135,10.7285445],[32.4638086,11.0414803],[32.4006059,11.1843062],[32.4032407,11.6930976],[32.1065546,11.9457393],[32.7272814,11.9458704],[32.7657158,12.0264795],[32.7330538,12.236257],[33.2930153,12.2253028],[33.2490831,12.1662325],[33.177768,11.7309127],[33.1393383,11.6286956],[33.2823355,10.831311],[33.2493883,10.7773461],[33.5240747,10.6478659],[33.661451,10.4318757],[33.7878115,10.3508564],[33.9196886,10.1616955],[33.9636362,10.1508908],[33.9773845,10.0805926],[34.0048561,10.0535555],[33.9877106,9.95956],[33.9945849,9.9230393],[33.9753699,9.8716267],[33.9671429,9.8134429],[33.9396867,9.7687783],[33.9204605,9.7701278],[33.8943885,9.6753726],[33.8793211,9.4966264],[34.1086607,9.4966748],[34.1001588,9.5569606],[34.1591059,9.7619823],[34.2263824,9.8871611],[34.2174702,9.9277825],[34.2305156,10.0414516],[34.3307372,10.1185391],[34.3279906,10.1726142],[34.3516785,10.2340656],[34.295681,10.4009032],[34.3100947,10.4481783],[34.2829156,10.5356354],[34.2983043,10.5622966],[34.2986176,10.566797],[34.29894,10.5699734],[34.3007781,10.5742754],[34.29836,10.5840595],[34.2965774,10.5856077],[34.3895897,10.6736947],[34.4733241,10.8180857],[34.6024879,10.907132],[34.7645939,10.7581273],[34.7975287,10.7547561],[34.7846998,10.706136],[34.8123818,10.7283962],[34.8400726,10.7142222],[34.881713,10.7546816],[34.864277,10.7640328],[34.8733495,10.8097295],[34.9436786,10.8684043],[34.9876714,10.8903356],[34.986929,10.9061736],[34.9625471,10.9334741],[34.9608294,10.93853],[34.9652902,10.9493174],[34.9543038,10.9496522],[35.0017259,11.1871583],[34.9642958,11.2326381],[34.9377609,11.2393881],[34.9295215,11.2375343],[34.9308925,11.2479734],[34.9328668,11.247132],[34.9342399,11.2481424],[34.9344118,11.2472165],[34.9338112,11.2465429],[34.9352704,11.2462065],[34.9357848,11.2488163],[34.9373295,11.2494058],[34.9418786,11.2494067],[34.9435083,11.2542054],[34.9484006,11.2545432],[34.948829,11.2579104],[34.9461677,11.260351],[34.9456521,11.2628763],[34.9483117,11.2689375],[34.950843,11.2698128],[34.9552834,11.2751331],[34.9575899,11.276236],[34.9588661,11.2781805],[34.9616768,11.2786605],[34.967577,11.2816662],[34.9686491,11.2849818],[34.9790064,11.3127373],[34.9890222,11.3409972],[35.0465972,11.4265778],[35.0448859,11.4706661],[35.0761346,11.5362943],[35.0838428,11.6450615],[35.0733665,11.668763],[35.0702547,11.6700859],[35.0694597,11.6743514],[35.064437,11.6788468],[35.0614303,11.6853184],[35.0632303,11.6911186],[35.0448487,11.734148],[35.0856889,11.8039318],[35.1927622,11.8852748],[35.2724234,11.9517986],[35.3101406,12.0459187],[35.4336907,12.25605],[35.6613655,12.6366659],[35.6986702,12.6740547],[35.7047329,12.6694751],[35.7061758,12.6700739],[35.7083904,12.6739388],[35.7092113,12.6731767],[35.7096893,12.6699861],[35.7115884,12.6691319],[35.7143132,12.6689722],[35.7198268,12.6724141],[35.7248769,12.6700688],[35.7259067,12.671074],[35.7282243,12.669902],[35.7296834,12.6702373],[35.7360361,12.6647955],[35.7356933,12.6625343],[35.7363802,12.6616132],[35.7386974,12.6621162],[35.7389546,12.6634562],[35.7415297,12.6637079],[35.7435898,12.6624522],[35.7391274,12.6591015],[35.7388701,12.6579291],[35.7403846,12.6567031],[35.7494268,12.6606111],[35.7573342,12.6599861],[35.7597257,12.6642979],[35.7636744,12.6618701],[35.7659915,12.6632943],[35.7659912,12.6643829],[35.7631153,12.6671877],[35.7630293,12.6681089],[35.7672339,12.6726318],[35.7697658,12.6735953],[35.772684,12.6734285],[35.7748301,12.6721729],[35.7751307,12.6713355],[35.7738869,12.6680694],[35.7732442,12.6631703],[36.0097094,12.7250289],[36.0313032,12.7182046],[36.0947801,12.713392],[36.1040465,12.6997713],[36.1000137,12.6885518],[36.1192384,12.6883885],[36.1594044,12.6962646],[36.1768704,12.9045829],[36.1681049,12.9063931],[36.1641449,12.9118853],[36.1565703,12.9138341],[36.1496599,12.9187372],[36.1440765,12.9345682],[36.1441182,12.9366703],[36.1474209,12.94145],[36.1462829,12.9433584],[36.1442869,12.943928],[36.144054,12.9482968],[36.1466121,12.9485983],[36.1475048,12.9489999],[36.1468516,12.9542527],[36.1481219,12.9563941],[36.1526897,12.9584355],[36.1516728,12.9609656],[36.1553696,12.9641554],[36.155244,12.966168],[36.1586678,12.9716513],[36.1583514,12.9728437],[36.1614359,12.9754966],[36.1616288,12.9762077],[36.1612639,12.976793],[36.1616286,12.9770963],[36.1624334,12.9765215],[36.1628729,12.9775775],[36.1639031,12.9777764],[36.1641174,12.9782991],[36.1636452,12.9791981],[36.1637738,12.9800345],[36.1645891,12.9802438],[36.1652327,12.9809757],[36.1653184,12.9815195],[36.1651465,12.9827112],[36.1649318,12.9828994],[36.1630005,12.9832335],[36.1619919,12.9838188],[36.1638583,12.9857219],[36.1644375,12.9866002],[36.1646487,12.9877017],[36.1643586,12.9896253],[36.1644657,12.9906707],[36.164133,12.991094],[36.1640899,12.9919983],[36.1649371,12.9933261],[36.1652588,12.9944866],[36.1643359,12.9951033],[36.1627695,12.9948206],[36.1621042,12.9957718],[36.1625542,12.9983854],[36.1635409,13.0000792],[36.1638624,13.0018877],[36.1634546,13.0025568],[36.1630789,13.0025566],[36.1624029,13.0032255],[36.1630787,13.0039888],[36.1628962,13.0046368],[36.1630462,13.0053269],[36.1620052,13.0067588],[36.1614901,13.0076577],[36.1622944,13.0084627],[36.1620689,13.0094558],[36.1644287,13.0121323],[36.1630658,13.0132715],[36.1629584,13.0141287],[36.1623788,13.0153515],[36.1630221,13.0169615],[36.1623246,13.0183411],[36.1631613,13.0183413],[36.1637729,13.01877],[36.1662834,13.0182061],[36.1679142,13.0188336],[36.1689224,13.018792],[36.169695,13.0192103],[36.1702742,13.0201303],[36.1707138,13.0211757],[36.1706279,13.0214684],[36.1720329,13.0235697],[36.2251396,13.1916218],[36.2369867,13.2214473],[36.248469,13.2519256],[36.2802133,13.3655182],[36.2831295,13.3743704],[36.3488179,13.4810192],[36.3620179,13.5005052],[36.381419,13.5298962],[36.382277,13.531315],[36.3820185,13.5359045],[36.384507,13.5386588],[36.3880251,13.5429987],[36.3899983,13.5466706],[36.3921421,13.5558496],[36.394459,13.5579361],[36.395574,13.5616077],[36.4024195,13.6156351],[36.4055049,13.6356555],[36.4089375,13.6600106],[36.4522538,13.777057],[36.4532819,13.7769982],[36.4539711,13.7743898],[36.4554301,13.7747236],[36.4564598,13.7762243],[36.456974,13.7796422],[36.461351,13.7813104],[36.4675308,13.7812284],[36.4701049,13.7848967],[36.4706188,13.7898149],[36.4703609,13.7913153],[36.4704464,13.7928991],[36.4733641,13.7959005],[36.4744794,13.7980679],[36.4770539,13.7991521],[36.4774818,13.8050702],[36.4763655,13.8075704],[36.4768802,13.8084874],[36.4786826,13.8092379],[36.4791972,13.810655],[36.4786818,13.8129053],[36.4791965,13.8138222],[36.4782519,13.8161558],[36.4787664,13.8180729],[36.4820279,13.818907],[36.4828858,13.8199907],[36.4839157,13.8203243],[36.4846018,13.8226582],[36.4865754,13.8249923],[36.4888928,13.8254094],[36.489665,13.826493],[36.4924971,13.8279937],[36.495157,13.8321615],[36.4953283,13.8333283],[36.4975595,13.8353289],[36.4669671,13.9756491],[36.4673897,13.987782],[36.503499,14.0852033],[36.4983346,14.0999548],[36.4873355,14.1130396],[36.4791503,14.1304176],[36.4714624,14.1392545],[36.4676869,14.1432359],[36.4623447,14.148464],[36.4590919,14.1541591],[36.4585855,14.1605206],[36.4614242,14.1694598],[36.4676967,14.1777339],[36.4763734,14.1831785],[36.4884843,14.185295],[36.5030915,14.1897557],[36.5124925,14.21653],[36.5316798,14.2433027],[36.5590819,14.253083],[36.5607885,14.2578495],[36.5474817,14.2666883],[36.5241367,14.3387081],[36.4360585,15.1686915],[36.5019639,15.225692],[36.536296,15.2270243],[36.6186413,15.4574791],[36.6378625,15.4793218],[36.6316756,15.5104199],[36.7009751,15.7392348],[36.7654977,15.8370385],[36.893127,16.2185193],[36.8958688,16.2396171],[36.9075423,16.2376419],[36.9253883,16.2673099],[36.9583432,16.2857723],[36.9459817,16.2936788],[36.9514707,16.312133],[36.9336126,16.3351932],[36.9336034,16.3753837],[36.9514575,16.3694582],[36.9555711,16.3971272],[36.9610633,16.4017394],[36.9651759,16.4333555],[36.9390825,16.4366431],[36.9280918,16.4557388],[36.9074965,16.4379537],[36.8896398,16.4544137],[36.889629,16.5018218],[36.8793286,16.504453],[36.8587222,16.535389],[36.8679905,16.5409859],[36.8697046,16.5525051],[36.8751973,16.5541516],[36.878288,16.5508613],[36.8817203,16.5551403],[36.8793165,16.5571143],[36.8858318,16.5916668],[36.8885779,16.5933126],[36.8858305,16.5972602],[36.887546,16.6021959],[36.8813618,16.6212763],[36.8878843,16.6242385],[36.893165,16.6387525],[36.8954316,16.6495693],[36.893026,16.6591076],[36.9033209,16.6804881],[36.901603,16.6860785],[36.909498,16.6926574],[36.9225467,16.6821365],[36.9359306,16.7068031],[36.9668284,16.7123997],[36.9736956,16.7097706],[36.9760968,16.7183204],[36.9809027,16.7216095],[36.9833037,16.7311451],[36.9939438,16.7439697],[37.002183,16.7462727],[37.0073321,16.7498902],[37.0049252,16.7656694],[37.0087007,16.7699436],[37.0052661,16.7765173],[37.0135015,16.7952547],[37.0117824,16.8061004],[37.0069756,16.8070854],[37.0100617,16.8235182],[37.0152098,16.8314063],[36.9997575,16.8432328],[36.9887631,16.8780585],[36.9908212,16.8859436],[37.004897,16.8885746],[37.0042076,16.9004008],[36.9969945,16.9141955],[36.9963049,16.9276623],[37.0076324,16.9362042],[37.0110672,16.930293],[37.0138108,16.942774],[37.0035104,16.9463845],[37.0007597,16.9637891],[37.0014456,16.9674015],[36.9918278,16.9877578],[37.0194609,17.0249597],[37.0266711,17.0233198],[37.0301026,17.029886],[37.0266689,17.0328397],[37.0239222,17.032511],[37.0136192,17.0476084],[37.0146548,17.065279],[37.0009094,17.0771448],[37.0074307,17.0853507],[37.0146399,17.0876494],[37.0173853,17.0932288],[37.0139505,17.0991348],[37.0256215,17.1079971],[37.0448492,17.1014384],[37.0448505,17.0955317],[37.0760954,17.085037],[37.0791866,17.0797869],[37.099785,17.0837292],[37.1145458,17.0932492],[37.1248456,17.0932513],[37.14579,17.0853798],[37.1523161,17.0729102],[37.2017553,17.0709517],[37.2093069,17.0768607],[37.3225994,17.0965747],[37.3631198,17.0617958],[37.3734194,17.0624543],[37.3809739,17.056548],[37.405006,17.0585225],[37.403629,17.0749325],[37.4146147,17.0775602],[37.4091193,17.0867482],[37.4283422,17.1011911],[37.4420751,17.1011938],[37.461984,17.1182608],[37.4592339,17.134009],[37.4688435,17.1484464],[37.4715858,17.1674735],[37.4811965,17.177316],[37.4866864,17.1917491],[37.505911,17.1989688],[37.4942318,17.2252023],[37.4990318,17.2534028],[37.5223745,17.2678335],[37.4976471,17.3025772],[37.5113723,17.3366668],[37.6212271,17.3756853],[37.762674,17.3868552],[37.7777579,17.4838133],[37.7887398,17.5028074],[37.8498513,17.5041301],[37.8738968,17.4484639],[37.9789452,17.4871302],[37.9707015,17.5041555],[38.0043331,17.5650537],[38.0304306,17.5441097],[38.0455314,17.5676809],[38.0565172,17.5703017],[38.094982,17.5166235],[38.1032105,17.5650746],[38.1732445,17.5834182],[38.1952245,17.5520006],[38.2103271,17.5677155],[38.2309299,17.5533177],[38.2611383,17.5716539],[38.2611301,17.6069994],[38.2789821,17.6109301],[38.2776024,17.6384154],[38.3407708,17.6528242],[38.3929321,17.7561874],[38.4478316,17.896087],[38.5823848,18.0254464],[38.4687005,18.2169702],[38.2819138,18.2951815],[38.1885429,18.2377816],[38.1006261,18.3472907],[38.1390615,18.4202786],[37.7160078,18.7534161],[37.5841747,18.737783],[37.3863392,19.0807254],[37.2324023,19.6197104],[37.2927868,19.790383],[37.1938503,20.0382682],[37.2047751,20.2960905],[37.2047393,20.4454301],[37.2486786,20.4711728],[37.2376477,20.6563247],[37.314504,20.8566703],[37.3309303,21.0772408],[37.2155336,21.2411474],[37.1496069,21.2769691],[36.935294,21.599051],[36.8802647,21.9968711],[34.0917878,21.996361],[33.9952683,21.7742328],[33.5256712,21.633112],[33.1620813,21.9982744],[31.4013119,21.9991868],[31.4397402,22.0959324],[31.5056386,22.1748145],[31.4781591,22.2307529],[31.4040153,22.1747931],[31.3326265,22.08573],[31.318913,22.0068089],[24.993524,21.9968288]]]}},{"type":"Feature","properties":{"name":"Disputed Al-Fashaga Triangle","description":"","styleUrl":"#line-006064-2938-nodesc","strokeColor":"#006064","strokeOpacity":1.0,"strokeWeight":2.938,"folder":"Sudan"},"geometry":{"type":"LineString","coordinates":[[36.5589434,14.2582542],[36.5562397,14.2573392],[36.5543515,14.2543028],[36.5402752,14.2571312],[36.53431,14.2533878],[36.5306622,14.2549268],[36.5189892,14.251932],[36.5152127,14.2530966],[36.5129811,14.2476061],[36.5062863,14.2477725],[36.5011364,14.2441121],[36.5047413,14.237623],[36.5004498,14.2314665],[36.4896351,14.2248107],[36.4774472,14.2266411],[36.4731556,14.2306346],[36.4690358,14.2296362],[36.4642292,14.2226475],[36.4580494,14.2279723],[36.4492947,14.2309674],[36.4408833,14.2439457],[36.4216572,14.2386213],[36.4153057,14.2437793],[36.4118725,14.2441121],[36.4022595,14.2394533],[36.3935048,14.2426146],[36.3945347,14.2472733],[36.3936764,14.2514328],[36.3880116,14.258587],[36.3825184,14.2597516],[36.3777119,14.2667391],[36.3770253,14.2713974],[36.3670689,14.2845397],[36.3593441,14.2863696],[36.3548809,14.2845397],[36.3505894,14.2768873],[36.33102,14.2679037],[36.3119712,14.2923971],[36.2906852,14.2874066],[36.2882819,14.282416],[36.2779822,14.288072],[36.2676825,14.2854103],[36.2573829,14.2657798],[36.2402167,14.2691071],[36.219274,14.2518045],[36.2113776,14.2504734],[36.1870017,14.2295087],[36.1619391,14.2345005],[36.1461463,14.219192],[36.144773,14.2082092],[36.1289802,14.2095404],[36.1241736,14.2268463],[36.1183371,14.2271791],[36.111814,14.2201904],[36.1142173,14.2145327],[36.1063209,14.2165295],[36.0884681,14.2132014],[36.0860648,14.2095404],[36.0651221,14.2045481],[36.0606589,14.2095404],[36.0321631,14.2112045],[35.9913077,14.2308398],[35.9731116,14.2491424],[35.9610953,14.2488096],[35.938436,14.2541337],[35.9343162,14.2614542],[35.9226432,14.2614542],[35.9030738,14.2787561],[35.9017005,14.2854103],[35.9078803,14.2960567],[35.9037604,14.3200092],[35.8944907,14.3253316],[35.884191,14.3253316],[35.8738913,14.34662],[35.8656516,14.3439591],[35.8694282,14.3210071],[35.863935,14.3200092],[35.8539786,14.3426286],[35.8498588,14.3439591],[35.8605018,14.3190112],[35.8498588,14.3106946],[35.8488288,14.3017124],[35.8594718,14.2933952],[35.8690848,14.2960567],[35.8776679,14.2933952],[35.8811011,14.2830814],[35.8855643,14.2830814],[35.8955207,14.2707708],[35.8920875,14.253801],[35.895864,14.2518045],[35.9034171,14.2547992],[35.9144034,14.2414888],[35.9209266,14.2361644],[35.9240165,14.2271791],[35.9130301,14.2135342],[35.9058204,14.19889],[35.9082236,14.1909018],[35.9157767,14.1869076],[35.9144034,14.1752575],[35.9271064,14.1529542],[35.9315696,14.1492923],[35.9267631,14.1313146],[35.9332862,14.1206604],[35.9332862,14.1106718],[35.9377494,14.1120036],[35.9449592,14.1120036],[35.9552588,14.0960209],[35.9514823,14.0883621],[35.9531989,14.0830341],[35.960752,14.078372],[35.9748282,14.09369],[35.9803214,14.093024],[35.981008,14.078705],[35.992681,14.0693805],[35.9981742,14.0557262],[36.0074439,14.0503974],[36.0242667,14.0577244],[36.0287299,14.0567253],[36.0242667,14.0427371],[36.035253,14.0317458],[36.0297599,14.0100946],[36.0215201,14.0084291],[36.0249534,14.0011005],[36.0304465,14.0001011],[36.0393729,14.0027661],[36.0517325,14.0014336],[36.0537925,13.9941048],[36.047956,13.9914397],[36.046926,13.9837774],[36.058599,13.9767812],[36.0709586,13.9614554],[36.0743918,13.950127],[36.0675254,13.9331334],[36.0949912,13.8884774],[36.0991111,13.8854778],[36.1018577,13.8788119],[36.1070075,13.8798118],[36.1183371,13.8734791],[36.1173072,13.8538131],[36.145803,13.8144762],[36.1523261,13.8224775],[36.155416,13.8208106],[36.1526694,13.8114756],[36.1612525,13.8161431],[36.165029,13.8141428],[36.1653724,13.7981394],[36.1760154,13.7894705],[36.1763587,13.7784671],[36.1801352,13.7794674],[36.1797919,13.7864696],[36.1859717,13.786803],[36.1942115,13.7691305],[36.2010779,13.7681301],[36.2051978,13.7584597],[36.2117209,13.7704643],[36.2343802,13.7287788],[36.2402167,13.7317804],[36.2467399,13.7314469],[36.2470832,13.7267777],[36.2336936,13.7191067],[36.2360969,13.7101013],[36.2446799,13.7047645],[36.2529197,13.7054316],[36.2498298,13.6957586],[36.2536063,13.6914222],[36.2560096,13.6967592],[36.264936,13.6937572],[36.2536063,13.6850844],[36.2560096,13.6787463],[36.2711158,13.6787463],[36.2769523,13.6694058],[36.2845054,13.670073],[36.2927451,13.6583968],[36.3037314,13.652058],[36.3013282,13.6423828],[36.3136878,13.625033],[36.2992682,13.6203617],[36.3009849,13.6073483],[36.3150611,13.5889949],[36.3109412,13.5636314],[36.3051047,13.5526175],[36.2934318,13.55195],[36.2951484,13.5446071],[36.2899985,13.5472773],[36.2865653,13.5295868],[36.2790122,13.5325909],[36.2663093,13.5272502],[36.2501731,13.509892],[36.2398734,13.5102258],[36.230947,13.5078891],[36.2227073,13.5182374],[36.2062278,13.5045508],[36.2137809,13.4972064],[36.2113776,13.489528],[36.2024512,13.4925326],[36.2031379,13.5005448],[36.1962714,13.502214],[36.1938682,13.4942018],[36.1732688,13.4965387],[36.1708655,13.4798461],[36.1485496,13.4768413],[36.1389365,13.4614828],[36.1389365,13.4501303],[36.1320701,13.4487946],[36.1173072,13.4320986],[36.1063891,13.4370282],[36.1008959,13.4343568],[36.099351,13.4266763],[36.0899096,13.4206653],[36.0948878,13.4093109],[36.0926562,13.4063052],[36.0885363,13.4104797],[36.0844164,13.4096448],[36.0828715,13.4006277],[36.0720568,13.395117],[36.0667353,13.3936141],[36.0691386,13.3871013],[36.0734301,13.3850973],[36.0725718,13.3824253],[36.0675936,13.3809223],[36.0650187,13.3759122],[36.0778933,13.3632195],[36.0746317,13.357374],[36.0670786,13.3648897],[36.0636454,13.3633865],[36.0638171,13.3515283],[36.0607272,13.3433441],[36.0619288,13.3376651],[36.055749,13.3453484],[36.0519724,13.3450144],[36.0545474,13.3359948],[36.045621,13.3293134],[36.0390978,13.3339904],[36.0358363,13.3309838],[36.0432177,13.3227989],[36.0392695,13.3040895],[36.0291415,13.3014166],[36.0248499,13.3040895],[36.0226183,13.3027531],[36.024335,13.2868823],[36.0305148,13.2800325],[36.0298281,13.2756886],[36.0251933,13.2715117],[36.0258799,13.2656639],[36.0308581,13.2593148],[36.0241633,13.2482869],[36.0308581,13.2213835],[36.0342913,13.2183755],[36.0330897,13.2130278],[36.0406428,13.2071786],[36.0420161,13.2014964],[36.0473376,13.1951456],[36.0608988,13.1874575],[36.0602122,13.1811064],[36.0633021,13.1757579],[36.0591822,13.172415],[36.0621005,13.163389],[36.0571223,13.1593773],[36.0608988,13.1518553],[36.0701686,13.1480106],[36.0725718,13.1371449],[36.0849314,13.1289535],[36.086648,13.122768],[36.0928279,13.1169166],[36.0950595,13.1110652],[36.099866,13.1102292],[36.097291,13.0868219],[36.0996943,13.0859859],[36.1051875,13.0905004],[36.1093073,13.0905004],[36.1113673,13.0808026],[36.1185771,13.0791305],[36.132825,13.0689306],[36.1374598,13.0597336],[36.1456996,13.0578941],[36.1462145,13.0530446],[36.1522227,13.0456866],[36.1558276,13.0456866],[36.1559992,13.0396662],[36.1620074,13.0356525],[36.1728221,13.0376594],[36.1752253,13.0341474],[36.2825206,13.3738607],[36.3793168,13.5284464],[36.3808618,13.5295312],[36.3809858,13.5305596],[36.3817201,13.5309498],[36.3822351,13.5326188],[36.3814626,13.5355394],[36.3823209,13.5363739],[36.3824926,13.5380428],[36.3839517,13.5382932],[36.3858399,13.539378],[36.3864408,13.5388773],[36.3874707,13.5426323],[36.3890157,13.5437171],[36.3890157,13.5452191],[36.3894448,13.5463038],[36.3910756,13.5472217],[36.3904748,13.5478892],[36.3907323,13.5487237],[36.3904748,13.5514772],[36.3915906,13.5554824],[36.393908,13.5575684],[36.3950238,13.5612397],[36.394938,13.562074],[36.4083922,13.6594743],[36.4517344,13.7765116],[36.4527624,13.7764525],[36.4534511,13.773844],[36.4549102,13.7741775],[36.4559401,13.775678],[36.4564551,13.7790958],[36.4608325,13.780763],[36.4670123,13.7806797],[36.4695872,13.7843475],[36.4701022,13.7892656],[36.4698447,13.790766],[36.4699305,13.7923498],[36.4728488,13.7953506],[36.4739646,13.7975178],[36.4765395,13.7986014],[36.4769687,13.8045194],[36.4758529,13.8070199],[36.4763678,13.8079368],[36.4781703,13.8086869],[36.4786853,13.8101039],[36.4781703,13.8123543],[36.4786853,13.8132711],[36.4777411,13.8156049],[36.4782561,13.8175219],[36.4815177,13.8183553],[36.482376,13.8194388],[36.483406,13.8197722],[36.4840926,13.8221059],[36.4860667,13.8244396],[36.4883841,13.8248563],[36.4891566,13.8259398],[36.491989,13.8274399],[36.4946498,13.8316071],[36.4948214,13.8327739],[36.497053,13.834774],[36.465122,13.9777665],[36.5603936,14.2574467],[36.5590875,14.2583052]]}},{"type":"Feature","properties":{"name":"Grand Ethiopian Renaissance Dam (GERD)","description":"Ongoing hostilities with Sudan and Egypt","styleUrl":"#icon-1739-0288D1","iconScale":5.0,"fillColor":"#0288d1","fillOpacity":1.0,"folder":"GERD"},"geometry":{"type":"Point","coordinates":[35.089,11.214]}},{"type":"Feature","properties":{"name":"ENDF+Regional Allies","description":"","styleUrl":"#poly-FFD600-2000-105-nodesc","strokeColor":"#ffd600","strokeOpacity":1.0,"strokeWeight":2.0,"fillColor":"#ffd600","fillOpacity":0.4117647058823529,"folder":"Ethiopian Government"},"geometry":{"type":"Polygon","coordinates":[[[36.5630332,14.2571121],[36.5563996,14.2499262],[36.5587173,14.2482381],[36.5573053,14.2425611],[36.5296068,14.2336975],[36.5104134,14.2069297],[36.5010064,14.1801569],[36.4867451,14.1753662],[36.4746338,14.1732524],[36.4659562,14.1678095],[36.4596825,14.1595376],[36.4568415,14.1505986],[36.4573464,14.1442366],[36.4605971,14.1385416],[36.4689985,14.1301825],[36.4773978,14.1204914],[36.4852331,14.1034443],[36.4965743,14.0900239],[36.5017349,14.0752708],[36.4648322,13.9660585],[36.4967463,13.8255659],[36.4931415,13.823566],[36.4929865,13.822565],[36.4903255,13.8183982],[36.4874937,13.8168982],[36.4867217,13.8158142],[36.4844038,13.8153973],[36.4824298,13.8130643],[36.4820698,13.8102313],[36.4807129,13.8103963],[36.479855,13.8093133],[36.4765761,13.8083144],[36.4760781,13.8065634],[36.4770231,13.8042294],[36.4764901,13.8031464],[36.477023,13.8010624],[36.476508,13.7996454],[36.4741901,13.7979784],[36.475306,13.7954774],[36.4754438,13.7896774],[36.473055,13.7885844],[36.4682512,13.7831425],[36.4679241,13.7753055],[36.4648152,13.7712465],[36.4591524,13.7715556],[36.4547756,13.7698886],[36.4542776,13.7666367],[36.4531446,13.7646367],[36.4517887,13.7648027],[36.4511009,13.7674107],[36.4498669,13.7665037],[36.4080863,13.6502673],[36.401557,13.6058934],[36.3936896,13.5516995],[36.3902557,13.5459426],[36.3891407,13.5419376],[36.3881106,13.5367636],[36.3861357,13.5330926],[36.3826168,13.5287537],[36.3801279,13.5259997],[36.3803858,13.5214097],[36.3795268,13.5199917],[36.3779819,13.5189067],[36.3479256,13.4712901],[36.2822143,13.3646561],[36.2792963,13.3558052],[36.2228275,13.182086],[36.1699713,13.0134789],[36.1683634,13.011652],[36.1673434,13.009687],[36.1665714,13.009269],[36.1655635,13.009311],[36.1639325,13.008684],[36.1614218,13.0092481],[36.1608098,13.0088191],[36.1599738,13.0088191],[36.1606708,13.0074401],[36.1600268,13.0058301],[36.1606067,13.0046071],[36.1607136,13.0037501],[36.1620765,13.00261],[36.1597156,12.9999341],[36.1599406,12.9989411],[36.1591366,12.9981361],[36.1606915,12.9958051],[36.1607245,12.9944671],[36.1600485,12.9937041],[36.1610994,12.9930351],[36.1615074,12.9923661],[36.1611854,12.9905571],[36.1601984,12.9888641],[36.1597474,12.9862501],[36.1604134,12.9852991],[36.1619793,12.985581],[36.1629332,12.985297],[36.1625802,12.983804],[36.1617323,12.9824761],[36.1621082,12.981149],[36.1622902,12.97818],[36.1620792,12.977078],[36.1596322,12.9742971],[36.1625721,12.973377],[36.162873,12.971453],[36.1614131,12.9705131],[36.1617571,12.9687771],[36.1605121,12.9680561],[36.1600721,12.9670001],[36.1592681,12.9675751],[36.1589032,12.9672721],[36.1590751,12.9659751],[36.1559892,12.9633231],[36.1563062,12.9621301],[36.1528803,12.9566482],[36.1530062,12.9546352],[36.1493083,12.9514462],[36.1503253,12.9489162],[36.1457564,12.9468753],[36.1444854,12.9447343],[36.1451373,12.9394813],[36.1442454,12.9390803],[36.1416866,12.9387793],[36.1419184,12.9344103],[36.1439143,12.9338403],[36.1450522,12.9319313],[36.1417483,12.9271533],[36.1417063,12.9250503],[36.1486417,12.9090532],[36.1541943,12.9043142],[36.1631248,12.902198],[36.1657266,12.89687],[36.1744911,12.8950579],[36.1583326,12.6865781],[36.1181664,12.6787118],[36.0989423,12.678879],[36.1016213,12.690263],[36.0923591,12.7038861],[36.0302411,12.7085471],[36.0086503,12.7153764],[35.7721787,12.6535714],[35.7714669,12.6586354],[35.7727119,12.6619014],[35.7687031,12.6639974],[35.7636903,12.6618845],[35.7606954,12.6577566],[35.7649271,12.6536975],[35.7612533,12.6524385],[35.7586614,12.6547026],[35.7562694,12.6503916],[35.7483619,12.6510177],[35.7379632,12.647277],[35.7353664,12.647984],[35.7411692,12.6530259],[35.7378914,12.653866],[35.7353164,12.652023],[35.7332736,12.6531101],[35.7336167,12.6553711],[35.727163,12.6603142],[35.7224592,12.6606462],[35.7174096,12.6629933],[35.7125367,12.6583684],[35.707272,12.6605675],[35.7073301,12.6643555],[35.7023162,12.6600575],[35.6962547,12.6646386],[35.6602987,12.6270933],[35.308945,12.0364257],[35.2712069,11.9423144],[35.0844425,11.79449],[35.0435878,11.7247168],[35.061958,11.6816824],[35.0596239,11.6736664],[35.0681834,11.6649143],[35.0689773,11.6606483],[35.0825592,11.6356211],[35.0748253,11.5268552],[35.0435613,11.4612348],[35.0452623,11.4171458],[34.9847749,11.319751],[34.9662097,11.2722523],[34.9494732,11.2604027],[34.9442813,11.2534668],[34.947028,11.2451337],[34.9344105,11.2394091],[34.9281455,11.2281292],[34.9363852,11.229981],[34.9629169,11.2232243],[35.0003353,11.1777367],[34.9528584,10.9402406],[34.9638439,10.9399043],[34.9610967,10.9240614],[34.985472,10.8967549],[34.9862097,10.8809169],[34.9422132,10.8589958],[34.8708277,10.7977333],[34.8627892,10.7546424],[34.8802233,10.7452871],[34.8385741,10.704838],[34.8108876,10.7190175],[34.7832012,10.6967641],[34.7960408,10.7453808],[34.7631081,10.7487605],[34.6010432,10.897802],[34.4718614,10.8087857],[34.3880956,10.6644136],[34.2962492,10.5756387],[34.2982359,10.5643346],[34.2981344,10.5478576],[34.2803646,10.525699],[34.3085484,10.4389164],[34.2941239,10.3916447],[34.3500799,10.2247934],[34.3263784,10.163348],[34.329111,10.1092719],[34.228875,10.0322082],[34.2158019,9.9185415],[34.2247046,9.8779183],[34.1574001,9.7527558],[34.0984054,9.5477473],[34.1068926,9.487459],[34.1546929,8.6035808],[33.7591887,8.3618234],[33.6163718,8.4623549],[33.2447997,8.4241906],[33.1769212,8.1090453],[33.0899861,8.0477937],[32.9921074,7.9158123],[33.037569,7.8086301],[33.3491503,7.7117268],[33.4480283,7.7416732],[33.5414062,7.6899488],[33.927626,7.5290203],[34.0060921,7.4224314],[34.0366261,7.3290716],[34.0478505,7.2329704],[34.1798904,7.1314053],[34.265342,6.9936274],[34.3837073,6.9212507],[34.483375,6.8959625],[34.5359429,6.8151383],[34.545741,6.7392661],[34.6159546,6.7124836],[34.7053078,6.6891327],[34.7850818,6.59332],[34.8677422,6.6117143],[34.939407,6.542788],[35.0335353,6.42535],[35.0060605,5.9065296],[35.2807037,5.3489332],[35.8684629,5.2996987],[35.8252378,4.7649715],[36.0524675,4.4486168],[37.0879137,4.3418022],[38.1315957,3.6129716],[39.5598026,3.4046128],[40.0341669,3.8594819],[40.8032021,4.1225083],[41.2022436,3.9308633],[41.7131017,3.9692226],[42.0976187,4.1500409],[42.8611596,4.2596082],[43.0369376,4.56631],[44.0092123,4.9549778],[44.9595166,4.8947848],[47.9916465,8.0002205],[47.0248715,7.9675652],[44.0256653,8.988924],[43.6521374,9.34683],[43.4818539,9.4010249],[43.3005831,9.5960619],[43.2291728,9.8397001],[43.0905155,9.9007295],[42.6743766,10.6019155],[42.9600113,10.9688412],[42.7567706,11.0820642],[42.4889554,11.0265098],[42.416205,10.9735572],[42.3942198,10.9776461],[42.3612473,10.9877979],[41.952048,10.909514],[41.7900043,10.9715349],[41.7845113,11.5156759],[41.8249165,11.7011711],[41.9602866,11.8223051],[42.4148297,12.4606912],[42.211589,12.7662327],[42.0742647,12.7715898],[41.6567998,13.4029203],[41.2503221,13.5952034],[40.8877888,14.1284994],[40.2670876,14.4159638],[40.206665,14.3840418],[40.1517361,14.5382908],[40.080328,14.5489249],[39.9808306,14.4333009],[39.9691222,14.4194309],[39.9608826,14.4187669],[39.9485233,14.407461],[39.9224318,14.408126],[39.8877577,14.438051],[39.8649501,14.4169831],[39.8387104,14.4185221],[39.827971,14.4142432],[39.7643616,14.4073083],[39.73888,14.4012553],[39.683808,14.3821695],[39.7142113,14.3717184],[39.6825845,14.3377153],[39.6751277,14.2985973],[39.7127658,14.2874313],[39.7464569,14.3044733],[39.7740001,14.2893193],[39.7508127,14.2457173],[39.698794,14.2320713],[39.7017895,14.1983874],[39.6763057,14.1479293],[39.7299417,14.1448959],[39.7728568,14.1412118],[39.756566,14.1046253],[39.7811902,14.0983234],[39.7677989,14.0899985],[39.8067642,14.0572425],[39.8075294,14.0057012],[39.8005841,13.9912839],[39.8040218,13.9633006],[39.8163817,13.9566368],[39.8410956,13.9612999],[39.8417823,13.9493052],[39.8301095,13.9259803],[39.8390358,13.9166497],[39.8431557,13.8906554],[39.8246941,13.8684212],[39.8301868,13.8350891],[39.8466654,13.677363],[39.8433366,13.615889],[39.8223863,13.5474623],[39.7557818,13.5641501],[39.7339194,13.5154123],[39.6232317,13.699573],[39.6162717,13.8061829],[39.6159193,13.9011649],[39.6000392,13.9758847],[39.6043089,14.0548491],[39.5789757,14.0763407],[39.5874063,14.1173412],[39.5717077,14.1564824],[39.5779861,14.1954926],[39.5558211,14.2057499],[39.5432623,14.2174612],[39.5329128,14.2153965],[39.5170216,14.2256965],[39.4905657,14.2451796],[39.49084,14.2522636],[39.4854492,14.2651704],[39.4918172,14.2798229],[39.4807529,14.2938024],[39.4753928,14.30811],[39.4544653,14.3204184],[39.4421668,14.3313953],[39.4387656,14.3179222],[39.4504543,14.3017054],[39.4511062,14.2954579],[39.4395704,14.2945333],[39.4384717,14.2793765],[39.4586556,14.2529823],[39.4690861,14.2511748],[39.4775862,14.2435671],[39.4876093,14.2323041],[39.500579,14.2205294],[39.522245,14.2077079],[39.5362964,14.2006848],[39.5416903,14.1905651],[39.550125,14.1527468],[39.5546367,14.1063975],[39.5756166,14.0325562],[39.5759139,13.9626404],[39.5784801,13.9041547],[39.5914994,13.8221292],[39.5612446,13.7140385],[39.4841861,13.5817065],[39.333801,13.6755601],[39.2879835,13.6981756],[39.2264045,13.7011581],[39.1588267,13.6705452],[39.0993632,13.6442087],[39.0721418,13.6216099],[39.0448572,13.5843256],[39.0043923,13.6350352],[38.9869173,13.6484032],[38.9711422,13.65542],[38.9592171,13.6445792],[38.9857429,13.6197254],[38.986266,13.6107232],[38.9873679,13.57907],[39.0234538,13.5205087],[39.1038497,13.5422318],[39.1465374,13.5803232],[39.1799724,13.6071953],[39.2230851,13.6292571],[39.2664518,13.634756],[39.3190722,13.6140404],[39.3757461,13.5818815],[39.3843445,13.511011],[39.4149034,13.4347979],[39.5029326,13.4419467],[39.517351,13.4138993],[39.4933187,13.3811701],[39.4898372,13.3259033],[39.4726715,13.2761217],[39.4782116,13.1967328],[39.4504029,13.1111484],[39.476496,13.0429289],[39.4826399,13.0044572],[39.5013123,12.9643591],[39.4724697,12.927894],[39.5148692,12.8761932],[39.518732,12.8141805],[39.5212304,12.7019182],[39.5032471,12.6234794],[39.5223545,12.5899318],[39.5070145,12.5583468],[39.4682002,12.5397481],[39.5427196,12.4366937],[39.5262404,12.3568924],[39.5293793,12.3146178],[39.4222654,12.3226683],[39.3769765,12.3177564],[39.3508846,12.2815315],[39.2883735,12.2851017],[39.2431109,12.3534599],[39.2307517,12.3950439],[39.2355585,12.4245509],[39.199168,12.5753871],[39.180577,12.6069361],[39.1778302,12.6256971],[39.1922496,12.6437871],[39.2657181,12.6612048],[39.3034824,12.6839817],[39.2849443,12.6993877],[39.2821976,12.7134537],[39.2883773,12.7194817],[39.3027965,12.7107747],[39.3089763,12.7268486],[39.3027966,12.7442627],[39.2794519,12.7543078],[39.2801379,12.7643528],[39.3137834,12.7978326],[39.2876916,12.8092157],[39.3247689,12.8453676],[39.3179033,12.8534006],[39.2767054,12.8641118],[39.2753326,12.8908858],[39.26881,12.8922248],[39.2657201,12.9052758],[39.2653772,12.9173228],[39.2557646,12.9220068],[39.2468381,12.9220069],[39.2411638,13.0057249],[39.2219378,13.014757],[39.2055995,13.008911],[39.1889804,13.0134191],[39.1450365,12.9973633],[39.1221746,12.9657574],[39.0900771,12.9653275],[39.0787767,12.9595605],[39.0588648,12.9903386],[39.0149211,13.0043888],[39.0071979,13.0971549],[39.0519999,13.1334737],[39.0485672,13.1675737],[39.0171649,13.1721758],[39.0147621,13.1962428],[38.9629227,13.1972461],[38.961893,13.2510531],[38.9395772,13.2490483],[38.9265318,13.2396923],[38.9107336,13.2351434],[38.8990601,13.2271225],[38.8688496,13.2237806],[38.8448178,13.2154247],[38.8283386,13.2251178],[38.729102,13.2585823],[38.7380277,13.2776283],[38.734252,13.2946693],[38.7414614,13.2929983],[38.7387148,13.3050253],[38.7407748,13.3240683],[38.7332222,13.3357603],[38.7311624,13.3511263],[38.7383722,13.3634853],[38.742497,13.3698043],[38.7409631,13.3731143],[38.7375333,13.3762273],[38.7340575,13.3807493],[38.7360754,13.3872753],[38.7358604,13.3909633],[38.7371264,13.3943103],[38.7314087,13.3959843],[38.7283769,13.3959864],[38.72772,13.4021654],[38.7244721,13.4020824],[38.7201383,13.4042634],[38.7203384,13.4139844],[38.7142588,13.4225194],[38.711905,13.4331314],[38.7071232,13.4362665],[38.6982208,13.4564315],[38.6776231,13.4891517],[38.68243,13.5051757],[38.6556516,13.5559099],[38.6402025,13.5685909],[38.6309332,13.600627],[38.6106575,13.6326791],[38.5968717,13.6485756],[38.5729771,13.6458608],[38.5266305,13.6836768],[38.5130697,13.6863088],[38.4908515,13.694246],[38.4807138,13.7125359],[38.4615439,13.7165751],[38.4460998,13.7298452],[38.4176594,13.7453071],[38.3943143,13.7816551],[38.3779457,13.7860782],[38.3695809,13.8020182],[38.342168,13.800269],[38.3268291,13.8031105],[38.3156883,13.7989642],[38.3018506,13.7784375],[38.2858081,13.7698065],[38.2662386,13.7638046],[38.2305344,13.7344577],[38.2192125,13.8474894],[38.2034895,13.8679653],[38.2069304,13.9381316],[38.2498588,14.0445067],[38.3036107,14.0663814],[38.3332365,14.0859746],[38.3395174,14.1122262],[38.3218802,14.1265773],[38.2958945,14.1224301],[38.2877097,14.1336719],[38.2664507,14.1266401],[38.2225396,14.084311],[38.183869,13.9937643],[38.1683519,13.9245735],[38.1710341,13.8530303],[38.1943083,13.7948197],[38.1838214,13.730828],[38.1536975,13.7373829],[38.1144616,13.741263],[38.086631,13.741924],[38.0659328,13.7523142],[38.0357938,13.7513082],[38.0271311,13.7457845],[38.022331,13.7368872],[38.0115983,13.7469043],[38.0013317,13.7979224],[37.9833393,13.8016694],[37.9733537,13.815627],[37.9666058,13.8261694],[37.9367485,13.8293636],[37.9116184,13.8546386],[37.9046739,13.8746125],[37.8901277,13.8801547],[37.8645809,13.8625269],[37.8562084,13.8592629],[37.8531416,13.864992],[37.8456511,13.872411],[37.827209,13.8672983],[37.8183043,13.8580193],[37.8026882,13.8680325],[37.7639762,13.8530068],[37.7404066,13.871169],[37.7226308,13.8903232],[37.7018758,13.8807806],[37.6864007,13.8860767],[37.6627753,13.9143769],[37.6592947,13.9342009],[37.6470715,13.947902],[37.6290814,13.9463302],[37.6341853,13.9640202],[37.6116648,14.0013234],[37.6230816,14.0317463],[37.6005359,14.0373335],[37.5921545,14.0503806],[37.5928336,14.0675146],[37.5825203,14.0725517],[37.5758828,14.0933888],[37.571658,14.0907928],[37.5585166,14.0865239],[37.5591957,14.0983489],[37.5509543,14.100933],[37.5458026,14.1072211],[37.5380771,14.1090341],[37.5324974,14.1069452],[37.5273026,14.1095642],[37.5206623,14.1300093],[37.5169247,14.1547243],[37.5287912,14.1647532],[37.5263564,14.1758972],[37.497519,14.1745665],[37.4961463,14.1885455],[37.4823271,14.1906067],[37.4769205,14.2065178],[37.4652481,14.2071839],[37.4714282,14.2437899],[37.4473965,14.2437901],[37.4473966,14.2537721],[37.393154,14.2910366],[37.4062005,14.3076705],[37.4007079,14.3136585],[37.4048279,14.3289595],[37.3828432,14.3332787],[37.3814703,14.3439227],[37.3924688,14.3562336],[37.3828564,14.3582297],[37.3794228,14.3675418],[37.3704972,14.3648809],[37.3718702,14.3761889],[37.3478268,14.3938082],[37.3498988,14.4087771],[37.3395873,14.4044492],[37.332035,14.4217393],[37.3169419,14.4220775],[37.3128103,14.4396935],[37.2592662,14.4320522],[37.2469068,14.4234083],[37.2249232,14.4363706],[37.2009033,14.4307239],[37.2077688,14.4227438],[37.1706917,14.4067843],[37.1665721,14.4154293],[37.1439141,14.3994696],[37.1349757,14.4011267],[37.0985958,14.324972],[37.1061492,14.312332],[37.1047749,14.28106],[37.0972222,14.2757371],[37.0965351,14.2657551],[37.0752501,14.2610974],[37.0656376,14.2544435],[37.0442658,14.2565037],[37.0189471,14.243796],[37.0059018,14.2464582],[37.0004092,14.2544442],[36.9907957,14.2551093],[36.9825574,14.2730765],[36.9659925,14.2831217],[36.9468525,14.2850549],[36.9008503,14.3003584],[36.8967307,14.3083426],[36.8823765,14.3067237],[36.8568199,14.312731],[36.8404276,14.2996942],[36.834065,14.3036814],[36.8321771,14.2980254],[36.8238627,14.3097385],[36.7415553,14.3143326],[36.6941777,14.2930423],[36.6619075,14.3010277],[36.6268895,14.3023582],[36.6169988,14.2890963],[36.5877522,14.2770747],[36.5808746,14.2840557],[36.5513612,14.2730832],[36.5630332,14.2571121]]]}},{"type":"Feature","properties":{"name":"TPLF/TDF","description":"","styleUrl":"#poly-FF5252-2000-77-nodesc","strokeColor":"#ff5252","strokeOpacity":1.0,"strokeWeight":2.0,"fillColor":"#ff5252","fillOpacity":0.30196078431372547,"folder":"TPLF/TDF"},"geometry":{"type":"Polygon","coordinates":[[[39.324486,14.4911695],[39.3418076,14.4643055],[39.2951738,14.4680885],[39.2601547,14.4135624],[39.2409292,14.4128975],[39.2243497,14.4457075],[39.2607847,14.4839184],[39.2363155,14.5620515],[39.2008895,14.5616256],[39.1528257,14.6028256],[39.1541997,14.6294016],[39.1624385,14.6426886],[39.1432131,14.6493326],[39.0924024,14.6347167],[39.0237392,14.6347168],[39.0003929,14.6174428],[39.0113786,14.5961798],[38.9935259,14.5815608],[38.9674347,14.5350399],[38.9262366,14.5376979],[38.8877847,14.499145],[38.8232413,14.4845201],[38.793501,14.3959821],[38.8140804,14.3596481],[38.8106624,14.3202061],[38.7961778,14.3163761],[38.7953609,14.3333301],[38.7604649,14.3983062],[38.7241628,14.4324483],[38.7001806,14.4673772],[38.6177838,14.4381214],[38.5971844,14.4447714],[38.5120426,14.4088626],[38.5079226,14.4155126],[38.4811433,14.4214977],[38.452991,14.4101928],[38.4399455,14.4274828],[38.4255257,14.4334678],[38.4200331,14.4687079],[38.3994336,14.468043],[38.3925679,14.4873229],[38.3616696,14.487989],[38.354117,14.511919],[38.3424433,14.5119191],[38.3410704,14.5318591],[38.3273377,14.5371772],[38.3122322,14.5657561],[38.3163511,14.5750601],[38.2916319,14.6003112],[38.2833932,14.6149282],[38.2772133,14.6082842],[38.2669136,14.6142643],[38.2717204,14.6361893],[38.2641677,14.6434964],[38.2617638,14.6697384],[38.2288058,14.6903284],[38.184174,14.6923216],[38.1851441,14.6812636],[38.1378262,14.6753827],[38.1309595,14.6899957],[38.1055541,14.6973017],[38.0890747,14.7132407],[38.0478767,14.7139049],[38.0156037,14.740467],[38.0179477,14.7586289],[38.009022,14.766597],[37.9977533,14.7663631],[37.9982073,14.7722331],[37.9855967,14.7867271],[37.9815559,14.8077581],[37.9685112,14.7964721],[37.9643903,14.8309901],[37.944496,14.8378143],[37.9431041,14.8542203],[37.9227586,14.8738353],[37.9175479,14.8886673],[37.9072492,14.8919853],[37.5234546,14.1813609],[37.5293904,14.1783698],[37.5318254,14.1672257],[37.5199587,14.1571969],[37.5236964,14.1324819],[37.5303372,14.1120368],[37.535532,14.1094177],[37.541112,14.1115067],[37.5488366,14.1096936],[37.5539886,14.1034056],[37.5622303,14.1008217],[37.5615513,14.0889967],[37.5789178,14.0958616],[37.5847726,14.0764765],[37.5959474,14.0697194],[37.5948494,14.0591975],[37.5965802,14.0490054],[37.6004721,14.0423434],[37.605291,14.0402904],[37.6270544,14.0332704],[37.6156576,14.0008555],[37.6350188,13.9687163],[37.6324148,13.9514923],[37.6512904,13.9501222],[37.662624,13.9358543],[37.6829394,13.8920751],[37.6984159,13.886779],[37.7062578,13.887841],[37.7238163,13.88869],[37.732423,13.8886049],[37.7397438,13.8757959],[37.770119,13.8556349],[37.8044993,13.8709527],[37.8226297,13.8604447],[37.8477101,13.8741715],[37.8635526,13.8624145],[37.9010287,13.8858394],[37.9114444,13.8549713],[37.9365746,13.8296963],[37.9664319,13.8265021],[37.9831654,13.8020021],[38.0011579,13.7982551],[38.0114245,13.747237],[38.0221572,13.7372199],[38.03562,13.7516409],[38.0657591,13.7526469],[38.0918514,13.7416417],[38.1142879,13.7415957],[38.1321085,13.7401447],[38.1535239,13.7377156],[38.1822422,13.7310426],[38.1941347,13.7951524],[38.1708605,13.853363],[38.1681783,13.9249062],[38.1836954,13.994097],[38.222366,14.0846437],[38.2662772,14.1269728],[38.2875362,14.1340046],[38.295721,14.1227628],[38.3217068,14.12691],[38.339344,14.1125589],[38.3330631,14.0863073],[38.3034372,14.0667141],[38.2496853,14.0448394],[38.2067568,13.9384643],[38.2033159,13.868298],[38.219039,13.8478221],[38.2303609,13.7347904],[38.2444357,13.7461293],[38.2660651,13.7641373],[38.2856347,13.7701392],[38.3016772,13.7787702],[38.3124241,13.7988721],[38.3266557,13.8034432],[38.3442113,13.8019911],[38.3694076,13.802351],[38.3777724,13.786411],[38.394141,13.7819879],[38.4084556,13.760908],[38.4174862,13.7456399],[38.4387207,13.7351968],[38.4632961,13.7160747],[38.4805406,13.7128687],[38.4906784,13.6945788],[38.5128966,13.6866416],[38.5264574,13.6840096],[38.5553356,13.6600655],[38.5728041,13.6461936],[38.5966987,13.6489084],[38.6037954,13.6373584],[38.6152381,13.6268874],[38.6224528,13.6099094],[38.6320605,13.6018624],[38.6365224,13.5761664],[38.6464782,13.5668223],[38.6557469,13.5574773],[38.6670776,13.5351153],[38.6739233,13.4950794],[38.7384775,13.3757112],[38.7377043,13.2665212],[38.7698815,13.2455392],[38.8485545,13.2205761],[38.9021123,13.2295999],[38.9607658,13.2555659],[38.9617957,13.2017579],[39.0136375,13.2007558],[39.0160405,13.1766888],[39.0474426,13.1720857],[39.0508756,13.1379867],[39.0060735,13.1016668],[39.0137983,13.0089008],[39.0577432,12.9948517],[39.0776546,12.9640727],[39.1210537,12.9702707],[39.1435711,13.0018766],[39.187516,13.0179326],[39.2044796,13.0134246],[39.2400439,13.0102385],[39.2453766,12.9265214],[39.2755878,12.8686255],[39.3236527,12.8498815],[39.2865736,12.8137295],[39.3126669,12.8023475],[39.2783347,12.7588215],[39.2872604,12.7239955],[39.302367,12.6884955],[39.264601,12.6657195],[39.1911316,12.6483006],[39.1794588,12.6114496],[39.2299506,12.5009965],[39.2402262,12.4157145],[39.247778,12.3446234],[39.28829,12.2896155],[39.330175,12.2943115],[39.3522226,12.2880325],[39.3783149,12.3242575],[39.4221841,12.3271834],[39.4805477,12.3137673],[39.5292997,12.3191333],[39.5275825,12.3633938],[39.5440619,12.4431951],[39.4673424,12.5407485],[39.5061568,12.5593472],[39.5214968,12.5909322],[39.5023894,12.6244798],[39.5203727,12.7029186],[39.5140115,12.8771936],[39.4716119,12.9288944],[39.5004546,12.9653595],[39.4817821,13.0054576],[39.4756382,13.0439292],[39.449545,13.1121488],[39.4773538,13.1977332],[39.4699772,13.2687337],[39.4889795,13.3269037],[39.492461,13.3821705],[39.5164934,13.4148997],[39.5020749,13.4429471],[39.4140454,13.4357983],[39.3834863,13.5120114],[39.3748878,13.5828819],[39.3182137,13.6150408],[39.2655932,13.6357564],[39.222913,13.6295899],[39.1798002,13.6075281],[39.1036774,13.5425646],[39.0232814,13.5208415],[38.9871955,13.5794028],[38.9855705,13.6200582],[38.9590446,13.644912],[38.9709697,13.6557528],[38.9867449,13.648736],[39.0042199,13.635368],[39.0446849,13.5846584],[39.0746555,13.6262539],[39.0991909,13.6445415],[39.2262324,13.7014909],[39.287125,13.6991759],[39.3329426,13.6765605],[39.4833284,13.5827069],[39.5603872,13.7150388],[39.5906421,13.8231296],[39.5783085,13.9044875],[39.5757423,13.9629732],[39.575445,14.032889],[39.5544651,14.1067303],[39.5499534,14.1530796],[39.5415186,14.1908979],[39.5361248,14.2010177],[39.522245,14.2077079],[39.500579,14.2205294],[39.4876093,14.2323041],[39.4775862,14.2435671],[39.4690861,14.2511748],[39.4586556,14.2529823],[39.4500065,14.2640347],[39.4384717,14.2793765],[39.4395704,14.2945333],[39.4511062,14.2954579],[39.4504543,14.3017054],[39.4387656,14.3179222],[39.4421668,14.3313953],[39.4544653,14.3204184],[39.4663616,14.3134328],[39.4753928,14.30811],[39.4807529,14.2938024],[39.4918172,14.2798229],[39.4854492,14.2651704],[39.49084,14.2522636],[39.4905657,14.2451796],[39.5021054,14.2370902],[39.5170216,14.2256965],[39.5327411,14.2157293],[39.5430906,14.217794],[39.5556494,14.2060827],[39.5778145,14.1958254],[39.5715361,14.1568152],[39.5872347,14.117674],[39.5788041,14.0766735],[39.6041373,14.0551819],[39.5998676,13.9762175],[39.6157478,13.9014977],[39.6154145,13.8071833],[39.6223746,13.7005734],[39.7339194,13.5154123],[39.7550965,13.5648177],[39.8217012,13.5481298],[39.8433366,13.615889],[39.847873,13.6830282],[39.8303497,13.8295552],[39.8235889,13.8737872],[39.8373215,13.8884512],[39.8443633,13.8963206],[39.8402434,13.9223149],[39.8313168,13.9316455],[39.8429899,13.9549704],[39.8423032,13.9669651],[39.8162104,13.9569696],[39.8038505,13.9636334],[39.8064233,14.0110653],[39.8036773,14.0536993],[39.7762111,14.0810073],[39.7676276,14.0903313],[39.7810189,14.0986562],[39.7563947,14.1049581],[39.7726855,14.1415446],[39.6763057,14.1479293],[39.7031319,14.2048893],[39.698794,14.2320713],[39.7508127,14.2457173],[39.7740001,14.2893193],[39.7464569,14.3044733],[39.7127658,14.2874313],[39.6751277,14.2985973],[39.6825845,14.3377153],[39.7175505,14.3701913],[39.6868654,14.3846493],[39.741938,14.4037353],[39.7962605,14.4118423],[39.8420493,14.4169952],[39.8726855,14.4167432],[39.8908169,14.4405312],[39.8420033,14.4804052],[39.8193479,14.4801052],[39.7932775,14.5110243],[39.7635804,14.5443183],[39.7182896,14.4916403],[39.6884363,14.4805973],[39.6499224,14.5061333],[39.6257021,14.5087173],[39.5908119,14.5109553],[39.5695696,14.5285313],[39.5611399,14.5297873],[39.5225657,14.4855833],[39.4942365,14.4792653],[39.4888486,14.5003093],[39.4845438,14.5024933],[39.4685512,14.4983334],[39.4619184,14.5057114],[39.4434179,14.5035134],[39.4290993,14.5140434],[39.4149497,14.5117774],[39.4133197,14.5247394],[39.4048229,14.5250714],[39.3945222,14.5416874],[39.364029,14.5367955],[39.364311,14.5270655],[39.3551033,14.5328075],[39.3519514,14.5071235],[39.362251,14.4931635],[39.3512643,14.4931635],[39.3540113,14.4825275],[39.324486,14.4911695]]]}},{"type":"Feature","properties":{"name":"Fano","description":"","styleUrl":"#poly-097138-2000-77-nodesc","strokeColor":"#097138","strokeOpacity":1.0,"strokeWeight":2.0,"fillColor":"#097138","fillOpacity":0.30196078431372547,"folder":"Fano"},"geometry":{"type":"Polygon","coordinates":[[[37.336394,13.308819],[37.263947,13.275069],[37.280776,13.210573],[37.321974,13.116969],[37.382399,13.026005],[37.448317,12.935007],[37.497756,12.868076],[37.591139,12.865399],[37.629592,12.937684],[37.659804,13.044736],[37.79164,13.213247],[37.802639,13.290772],[37.821868,13.392341],[37.833542,13.440429],[37.790278,13.477831],[37.736708,13.429748],[37.615858,13.304142],[37.455161,13.284121],[37.336394,13.308819]]]}},{"type":"Feature","properties":{"name":"Fano","description":"","styleUrl":"#poly-097138-2000-77-nodesc","strokeColor":"#097138","strokeOpacity":1.0,"strokeWeight":2.0,"fillColor":"#097138","fillOpacity":0.30196078431372547,"folder":"Fano"},"geometry":{"type":"Polygon","coordinates":[[[37.418579,10.734541],[37.38866,10.666786],[37.407493,10.637321],[37.480169,10.636256],[37.509478,10.676967],[37.538573,10.709118],[37.553504,10.696498],[37.522231,10.565329],[37.628082,10.419615],[37.699734,10.43499],[37.739136,10.544888],[37.774009,10.576306],[37.827657,10.627017],[37.850408,10.602807],[37.799777,10.546962],[37.784517,10.511037],[37.783541,10.338699],[37.87317,10.279828],[38.091347,10.314124],[38.135941,10.366688],[38.131439,10.650522],[38.02108,10.736521],[38.069289,10.816363],[38.059829,10.893506],[38.011597,10.929608],[37.952376,10.910414],[37.91987,10.837215],[37.782339,10.803106],[37.772211,10.882267],[37.711009,10.89976],[37.620984,10.817436],[37.580627,10.820037],[37.50647,11.00882],[37.538743,11.091038],[37.483844,11.207527],[37.394818,11.406001],[37.329375,11.437827],[37.223574,11.422368],[37.105919,11.357108],[36.969082,11.3268],[36.880349,11.241276],[36.93994,11.158445],[36.928316,11.069476],[37.047791,10.972422],[37.073724,10.881406],[37.16967,10.854433],[37.176537,10.83034],[37.129165,10.76443],[37.154408,10.714688],[37.186847,10.713844],[37.268641,10.732305],[37.290693,10.704886],[37.341009,10.694153],[37.369352,10.713104],[37.387742,10.759036],[37.39858,10.763143],[37.418579,10.734541]]]}},{"type":"Feature","properties":{"name":"Fano","description":"","styleUrl":"#poly-097138-2000-76-nodesc","strokeColor":"#097138","strokeOpacity":1.0,"strokeWeight":2.0,"fillColor":"#097138","fillOpacity":0.2980392156862745,"folder":"Fano"},"geometry":{"type":"Polygon","coordinates":[[[37.217638,12.287765],[37.201846,12.349482],[37.237551,12.387042],[37.273257,12.440018],[37.278406,12.456111],[37.263644,12.473543],[37.203905,12.492984],[37.137301,12.490973],[37.091296,12.438678],[37.105715,12.358872],[37.144167,12.301183],[37.217638,12.287765]]]}},{"type":"Feature","properties":{"name":"Fano","description":"","styleUrl":"#poly-097138-2000-77-nodesc","strokeColor":"#097138","strokeOpacity":1.0,"strokeWeight":2.0,"fillColor":"#097138","fillOpacity":0.30196078431372547,"folder":"Fano"},"geometry":{"type":"Polygon","coordinates":[[[36.929767,10.653333],[36.982982,10.673914],[37.024867,10.694156],[37.043064,10.698204],[37.042034,10.806813],[36.987102,10.824349],[36.896465,10.822326],[36.851146,10.853348],[36.843593,10.893807],[36.783855,10.932238],[36.716564,10.922799],[36.675365,10.837837],[36.695278,10.760272],[36.688411,10.713722],[36.742313,10.706638],[36.786945,10.660081],[36.803424,10.628364],[36.838443,10.616891],[36.876895,10.616891],[36.929767,10.653333]]]}},{"type":"Feature","properties":{"name":"Fano","description":"","styleUrl":"#poly-097138-2000-77-nodesc","strokeColor":"#097138","strokeOpacity":1.0,"strokeWeight":2.0,"fillColor":"#097138","fillOpacity":0.30196078431372547,"folder":"Fano"},"geometry":{"type":"Polygon","coordinates":[[[38.276054,10.275975],[38.234855,10.282393],[38.198806,10.271245],[38.170311,10.237124],[38.163788,10.196916],[38.184387,10.158731],[38.205673,10.151972],[38.221809,10.140482],[38.230736,10.102628],[38.250648,10.102628],[38.259575,10.092488],[38.283607,10.095192],[38.30146,10.094178],[38.316223,10.111416],[38.331672,10.11074],[38.332016,10.13406],[38.338882,10.155352],[38.347122,10.168869],[38.335449,10.21077],[38.31176,10.22192],[38.276054,10.275975]]]}},{"type":"Feature","properties":{"name":"Fano","description":"","styleUrl":"#poly-097138-2000-77-nodesc","strokeColor":"#097138","strokeOpacity":1.0,"strokeWeight":2.0,"fillColor":"#097138","fillOpacity":0.30196078431372547,"folder":"Fano"},"geometry":{"type":"Polygon","coordinates":[[[37.733799,10.26974],[37.6926,10.279199],[37.619816,10.319734],[37.48025,10.266545],[37.393566,10.289333],[37.385841,10.300477],[37.419659,10.370395],[37.334172,10.558783],[37.228428,10.569583],[37.108952,10.456163],[37.130924,10.296765],[37.192722,10.23055],[37.16251,10.168377],[37.213322,10.10484],[37.310826,10.039938],[37.37125,10.02912],[37.434422,10.050756],[37.490727,10.008835],[37.547032,9.993958],[37.632176,9.924299],[37.722126,9.964879],[37.7235,10.081856],[37.731053,10.175812],[37.733799,10.26974]]]}},{"type":"Feature","properties":{"name":"Fano","description":"","styleUrl":"#poly-097138-2000-77-nodesc","strokeColor":"#097138","strokeOpacity":1.0,"strokeWeight":2.0,"fillColor":"#097138","fillOpacity":0.30196078431372547,"folder":"Fano"},"geometry":{"type":"Polygon","coordinates":[[[38.95695,10.256912],[38.922618,10.259952],[38.86546,10.281809],[38.841427,10.23789],[38.84074,10.161526],[38.84692,10.120971],[38.928454,10.087611],[39.086382,10.101807],[39.201739,10.125466],[39.300994,10.034503],[39.257406,9.87592],[39.362112,9.805912],[39.431073,9.719642],[39.559826,9.790329],[39.545785,9.938114],[39.664956,10.10076],[39.704363,10.403837],[39.666897,10.567968],[39.649284,10.716931],[39.53276,10.725532],[39.394279,10.590993],[39.264677,10.431897],[39.277957,10.27279],[39.187319,10.298463],[39.065783,10.330214],[39.023898,10.301165],[38.988364,10.255223],[38.95695,10.256912]]]}},{"type":"Feature","properties":{"name":"Fano","description":"","styleUrl":"#poly-097138-2000-77-nodesc","strokeColor":"#097138","strokeOpacity":1.0,"strokeWeight":2.0,"fillColor":"#097138","fillOpacity":0.30196078431372547,"folder":"Fano"},"geometry":{"type":"Polygon","coordinates":[[[39.549832,9.051058],[39.613004,9.030037],[39.803891,9.052415],[39.971433,9.071401],[40.014691,9.240875],[39.809751,9.543736],[39.762692,9.543013],[39.689108,9.548393],[39.47795,9.492174],[39.444089,9.333035],[39.342465,9.280181],[39.3047,9.192752],[39.319806,9.147335],[39.349332,9.0992],[39.364438,9.058517],[39.387097,9.040887],[39.420743,9.014439],[39.444776,8.989346],[39.499707,9.024612],[39.549832,9.051058]]]}},{"type":"Feature","properties":{"name":"Fano","description":"","styleUrl":"#poly-097138-2000-77-nodesc","strokeColor":"#097138","strokeOpacity":1.0,"strokeWeight":2.0,"fillColor":"#097138","fillOpacity":0.30196078431372547,"folder":"Fano"},"geometry":{"type":"Polygon","coordinates":[[[39.989941,11.520937],[39.978268,11.551212],[39.953549,11.601663],[39.917156,11.624531],[39.871151,11.691107],[39.805233,11.779177],[39.751675,11.778505],[39.682324,11.751616],[39.698116,11.688417],[39.711163,11.637982],[39.733135,11.584174],[39.733135,11.54583],[39.709103,11.366149],[39.73316,11.199441],[39.845059,11.156713],[39.986118,11.252646],[39.989941,11.520937]]]}},{"type":"Feature","properties":{"name":"EDF","description":"","styleUrl":"#poly-0097A7-1200-77-nodesc","strokeColor":"#0097a7","strokeOpacity":1.0,"strokeWeight":1.2,"fillColor":"#0097a7","fillOpacity":0.30196078431372547,"folder":"Eritrea"},"geometry":{"type":"Polygon","coordinates":[[[37.948596,14.841628],[37.96849,14.834804],[37.97261,14.800286],[37.985657,14.811572],[37.989698,14.790541],[38.00145,14.779042],[38.001853,14.770177],[38.013123,14.77041],[38.022049,14.762443],[38.019706,14.744281],[38.051979,14.717718],[38.091804,14.717054],[38.109657,14.701115],[38.135063,14.693809],[38.14193,14.679196],[38.171455,14.681853],[38.189248,14.685077],[38.188278,14.696135],[38.232911,14.694142],[38.26587,14.673551],[38.2669,14.657275],[38.268273,14.64731],[38.275826,14.640003],[38.271019,14.618078],[38.281319,14.612098],[38.287499,14.618742],[38.295739,14.604124],[38.320458,14.578874],[38.316338,14.56957],[38.331444,14.540992],[38.345177,14.535674],[38.346551,14.515733],[38.358224,14.515733],[38.365777,14.491802],[38.396676,14.491137],[38.403542,14.471857],[38.424142,14.472522],[38.429635,14.437282],[38.444055,14.431297],[38.457101,14.414006],[38.485253,14.425312],[38.512033,14.419327],[38.516153,14.412676],[38.601297,14.448586],[38.621896,14.441936],[38.704294,14.471192],[38.723604,14.442368],[38.759908,14.408226],[38.794805,14.34325],[38.796537,14.339228],[38.797354,14.322274],[38.811839,14.326104],[38.815257,14.365546],[38.792945,14.405902],[38.8282,14.487065],[38.892744,14.50169],[38.931196,14.540244],[38.972395,14.537585],[38.998487,14.584106],[39.01634,14.598726],[39.005354,14.619988],[39.028699,14.637262],[39.097364,14.637262],[39.148175,14.651878],[39.167401,14.645235],[39.159162,14.631948],[39.157789,14.605371],[39.205854,14.564171],[39.204567,14.522918],[39.226518,14.487263],[39.2292,14.450499],[39.242933,14.413925],[39.262159,14.41459],[39.297178,14.469116],[39.34593,14.468451],[39.328764,14.49305],[39.358289,14.484408],[39.355542,14.495044],[39.367174,14.500361],[39.356229,14.509004],[39.359381,14.534689],[39.368589,14.528946],[39.368307,14.538677],[39.398801,14.543569],[39.409101,14.526952],[39.418027,14.528946],[39.420087,14.518311],[39.447955,14.504065],[39.492871,14.507676],[39.496991,14.482414],[39.526345,14.486403],[39.532697,14.500363],[39.560656,14.529694],[39.570766,14.53443],[39.592009,14.516854],[39.651121,14.512032],[39.689636,14.486496],[39.71949,14.497539],[39.764782,14.550217],[39.821581,14.483677],[39.841494,14.490326],[39.925264,14.41652],[39.951357,14.415856],[39.963716,14.427161],[39.971956,14.427826],[39.98129,14.443543],[40.080775,14.558833],[40.152186,14.548199],[40.207118,14.393951],[40.267543,14.425873],[40.888272,14.138409],[41.250822,13.605114],[41.657317,13.412831],[42.074798,12.781501],[42.212128,12.776144],[42.415375,12.470601],[42.46238,12.524403],[42.536537,12.494907],[42.699959,12.358113],[42.720559,12.379576],[42.742532,12.3836],[42.767251,12.406402],[42.830422,12.437248],[42.816689,12.469431],[42.794717,12.474795],[42.811196,12.536468],[42.855142,12.549873],[42.879861,12.614208],[42.918313,12.608847],[42.965005,12.643689],[43.13804,12.713359],[42.973245,12.965084],[42.885354,12.957054],[42.91282,12.807116],[42.835916,12.863353],[42.80021,12.849964],[42.734292,12.965084],[42.780984,13.042692],[42.676614,13.064097],[42.536538,13.224575],[42.498086,13.189814],[42.390969,13.224575],[42.311318,13.547883],[42.193214,13.670679],[42.141029,13.665341],[42.121803,13.622636],[41.981727,13.844085],[41.800452,13.929407],[41.751014,13.916078],[41.193456,14.624123],[40.907811,14.727746],[40.754002,14.738371],[40.740269,14.772899],[40.751255,14.841939],[40.56998,15.006483],[40.385958,14.998524],[40.309054,14.921573],[40.163485,14.974646],[40.163485,15.0224],[40.028902,15.231862],[40.100313,15.324595],[39.875093,15.501998],[39.770722,15.390808],[39.792695,15.263661],[39.839387,15.181504],[39.776215,15.072796],[39.704804,15.139088],[39.71579,15.274259],[39.597687,15.533756],[39.542755,15.541694],[39.479584,15.516554],[39.446624,15.590642],[39.483703,15.631644],[39.445251,15.798211],[39.316161,15.89069],[39.145873,16.694751],[38.99481,17.183451],[38.926145,17.414218],[38.654232,17.864419],[38.629513,17.918001],[38.569088,17.989855],[38.582821,18.025117],[38.448238,17.895786],[38.393306,17.755898],[38.341121,17.652546],[38.277949,17.63815],[38.279323,17.610665],[38.26147,17.606738],[38.26147,17.571392],[38.231257,17.553062],[38.210658,17.567465],[38.195552,17.551753],[38.173579,17.583175],[38.103541,17.564846],[38.095301,17.516397],[38.056849,17.570083],[38.045862,17.567465],[38.030756,17.543897],[38.004664,17.564846],[37.971018,17.503955],[37.979258,17.486928],[37.8742,17.448284],[37.850168,17.503955],[37.789056,17.502645],[37.77807,17.483653],[37.762964,17.386698],[37.621514,17.375558],[37.51165,17.336563],[37.497917,17.302476],[37.522637,17.267727],[37.499291,17.253301],[37.494484,17.225102],[37.506157,17.198866],[37.486931,17.19165],[37.481438,17.177218],[37.471825,17.167378],[37.469078,17.148351],[37.459465,17.133916],[37.462212,17.118167],[37.442299,17.101104],[37.428566,17.101104],[37.40934,17.086666],[37.414833,17.077477],[37.403847,17.074851],[37.40522,17.058441],[37.381187,17.056472],[37.373634,17.062379],[37.363334,17.061723],[37.322822,17.09651],[37.209525,17.07682],[37.201972,17.070913],[37.152534,17.072882],[37.14601,17.085353],[37.125068,17.093229],[37.114768,17.093229],[37.100005,17.083712],[37.079406,17.079774],[37.076316,17.085024],[37.05194,17.092572],[37.045073,17.095526],[37.045073,17.101432],[37.025847,17.107995],[37.014174,17.099135],[37.017607,17.093229],[37.014861,17.08765],[37.007651,17.085353],[37.001128,17.077148],[37.012801,17.06402],[37.013831,17.047609],[37.02413,17.03251],[37.026877,17.032838],[37.03031,17.029883],[37.026877,17.023318],[37.019667,17.024959],[36.992026,16.987763],[37.001639,16.967405],[37.000952,16.963793],[37.003699,16.946387],[37.013998,16.942775],[37.011252,16.930294],[37.007818,16.936206],[36.996489,16.927667],[36.997176,16.9142],[37.004385,16.900404],[37.005072,16.888577],[36.990996,16.885949],[36.988936,16.878064],[36.999922,16.843236],[37.015372,16.831407],[37.010222,16.82352],[37.007132,16.807088],[37.011938,16.806102],[37.013655,16.795255],[37.005415,16.77652],[37.008849,16.769945],[37.005072,16.765672],[37.007475,16.749892],[37.002326,16.746276],[36.994086,16.743975],[36.983443,16.731152],[36.98104,16.721617],[36.976233,16.718329],[36.97383,16.70978],[36.966963,16.71241],[36.936064,16.70682],[36.922674,16.682156],[36.909628,16.69268],[36.901732,16.686103],[36.903448,16.680512],[36.893148,16.659134],[36.895552,16.649595],[36.893835,16.640385],[36.887999,16.624266],[36.881476,16.621305],[36.887655,16.602223],[36.885939,16.597288],[36.888685,16.59334],[36.885939,16.591694],[36.879416,16.557143],[36.881819,16.555169],[36.878386,16.550891],[36.875296,16.554181],[36.869803,16.552536],[36.868086,16.541017],[36.858816,16.535422],[36.879416,16.504482],[36.889715,16.501849],[36.889715,16.45444],[36.907568,16.437977],[36.928168,16.455758],[36.939154,16.43666],[36.965247,16.433367],[36.961127,16.401751],[36.955634,16.39714],[36.951514,16.369472],[36.933661,16.375401],[36.933661,16.335211],[36.951514,16.312147],[36.946021,16.293694],[36.95838,16.285785],[36.925421,16.267329],[36.907568,16.237665],[36.895895,16.239642],[36.893149,16.218545],[36.765433,15.837091],[36.700888,15.739301],[36.631536,15.510501],[36.637716,15.479402],[36.61849,15.457563],[36.536093,15.227125],[36.50176,15.2258],[36.435842,15.168814],[36.523734,14.338812],[36.54708,14.266952],[36.558066,14.259799],[36.5647,14.266985],[36.551654,14.282956],[36.582553,14.294268],[36.588046,14.286948],[36.617294,14.29897],[36.627185,14.312232],[36.662204,14.310902],[36.694477,14.302918],[36.741855,14.324208],[36.827686,14.320882],[36.832493,14.30824],[36.835754,14.313896],[36.840733,14.309571],[36.851032,14.322212],[36.855839,14.323543],[36.867855,14.323044],[36.882683,14.316602],[36.897038,14.31822],[36.902531,14.310236],[36.947163,14.294933],[36.967762,14.295599],[36.982869,14.282956],[36.992482,14.264989],[37.002095,14.264323],[37.007588,14.256337],[37.019261,14.253675],[37.045354,14.269647],[37.065953,14.264323],[37.075566,14.270978],[37.096852,14.275636],[37.097539,14.285618],[37.105092,14.290941],[37.106465,14.322212],[37.098912,14.334853],[37.135304,14.411346],[37.144231,14.409351],[37.168264,14.425311],[37.172383,14.416666],[37.208089,14.432626],[37.201222,14.440606],[37.226628,14.44659],[37.247228,14.433291],[37.259588,14.441936],[37.313146,14.449915],[37.318639,14.431961],[37.333746,14.431961],[37.339925,14.414671],[37.350225,14.418661],[37.349538,14.40403],[37.372198,14.386073],[37.370824,14.374766],[37.379751,14.377426],[37.383184,14.368114],[37.392797,14.366118],[37.381811,14.354145],[37.383184,14.343501],[37.405157,14.338845],[37.401037,14.323543],[37.40653,14.317555],[37.394857,14.300922],[37.449102,14.263658],[37.447729,14.253676],[37.471762,14.253676],[37.466955,14.21707],[37.478628,14.216404],[37.486181,14.202426],[37.497854,14.198432],[37.497854,14.184452],[37.526694,14.185784],[37.670679,14.442179],[37.698433,14.494477],[37.731692,14.518849],[37.759232,14.529108],[37.777818,14.54079],[37.780785,14.562294],[37.776247,14.577532],[37.776784,14.598704],[37.775114,14.641049],[37.795815,14.682207],[37.817838,14.682185],[37.828159,14.687488],[37.832981,14.692815],[37.837659,14.699057],[37.837745,14.707092],[37.833536,14.715654],[37.831393,14.720208],[37.825088,14.725407],[37.822623,14.732657],[37.846111,14.775458],[37.878026,14.832266],[37.899768,14.826117],[37.917678,14.819537],[37.932785,14.822192],[37.950638,14.817546],[37.948596,14.841628]]]}}]}
